id,uniq_id,date_time,city_id,city_name,customer_id,first_name,last_name,item_id,item_name,quantity,payment_amount,status
1,841486230dfe8b3d00f9cde20915f4e1,2025-06-17T00:00:00,0,Москва,2410,Ольга,Алексеева,0,Молоко 1%,1,100,shipped
2,cf4977de4575a15c768c4fb1864f742e,2025-06-17T00:00:00,0,Москва,4700,Сергей,Соколов,6,Яблоко,2,280,shipped
3,a4c6acd6157fc0266efcc4c3b1c4d927,2025-06-17T00:00:00,2,Ярославль,919,Александра,Орлова,4,Сахар песок,2,100,refunded
4,35623c0630d75b069c75f92c5438520e,2025-06-17T00:00:00,1,Ростов,1216,Евгения,Морозова,5,Яблоко молодильное,2,800,shipped
5,5474d04ff6b382315549205522467ed8,2025-06-17T00:00:00,2,Ярославль,4911,Екатерина,Орлова,7,Средство для мытья посуды,3,600,shipped
6,5151323788ed0cd38aa2e591a22a5aa3,2025-06-17T00:00:00,1,Ростов,3315,Светлана,Волкова,9,Ручка шариковая,1,45,shipped
7,e2dd01c3f3ba138cc458cce99a8dd942,2025-06-17T00:00:00,1,Ростов,7000,Константин,Иванов,5,Яблоко молодильное,1,400,shipped
8,ce94d42f90c353995e054e8488aa9cbe,2025-06-17T00:00:00,2,Ярославль,5205,Александр,Сидоров,0,Молоко 1%,1,100,shipped
9,43646c87301fb70a12d72281eccf35d8,2025-06-17T00:00:00,1,Ростов,6005,Алексей,Иванов,3,Устройство для нагревания табака Трубка Мира,4,2000,refunded
10,55caff735e819f0aac446cbe9dd14935,2025-06-17T00:00:00,0,Москва,8908,Геннадий,Новиков,0,Молоко 1%,2,200,shipped
11,6d6bd94ed199a6595af45985b96b5855,2025-06-17T00:00:00,2,Ярославль,7808,Константин,Михайлов,11,Хлеб ржаной,2,40,shipped
12,068b9617c319971c1f0a2f1bdb18d868,2025-06-17T00:00:00,2,Ярославль,1001,Евгений,Иванов,10,Томаты,5,250,shipped
13,7dd9274fa66979d60ec784f9415feec9,2025-06-17T00:00:00,2,Ярославль,7014,Анна,Великая,11,Хлеб ржаной,1,20,shipped
14,4848e9e694c3bef2d0e40ae43e18cc1b,2025-06-17T00:00:00,2,Ярославль,4413,Екатерина,Алексеева,2,Молоко 5%,4,600,shipped
15,06a0a04a8cbf87c8d57368cb65028270,2025-06-17T00:00:00,2,Ярославль,9119,Надежда,Федорова,0,Молоко 1%,5,500,shipped
16,95d897f8437ae74ad0622d3eb1271001,2025-06-17T00:00:00,0,Москва,9712,Надежда,Павлова,0,Молоко 1%,5,500,shipped
17,47e236e1a7f6bd3c30075188a9f96cc8,2025-06-17T00:00:00,2,Ярославль,1812,Евгения,Козлова,4,Сахар песок,5,250,shipped
18,f7267bfecc287bfe538841f657987294,2025-06-17T00:00:00,2,Ярославль,3811,Светлана,Козлова,10,Томаты,1,50,shipped
19,130b4700754b8f298612952ede0c32f6,2025-06-17T00:00:00,1,Ростов,915,Александра,Орлова,9,Ручка шариковая,5,225,shipped
20,3fa66abcddfc355728050bebacdd9af2,2025-06-17T00:00:00,2,Ярославль,1219,Евгения,Морозова,6,Яблоко,1,140,shipped
21,aceb85e36994c751c3fcd49e467a9575,2025-06-17T00:00:00,0,Москва,9414,Надежда,Алексеева,4,Сахар песок,2,100,shipped
22,323aed06080d98ef7795904e5262fde2,2025-06-17T00:00:00,0,Москва,8011,Снежанна,Великая,5,Яблоко молодильное,3,1200,shipped
23,341dc3db9b86f6c0707cfd598d9573ef,2025-06-17T00:00:00,0,Москва,1301,Евгений,Смирнов,4,Сахар песок,2,100,shipped
24,971c6979b1f448f55e7ada992176bfc1,2025-06-17T00:00:00,2,Ярославль,8500,Геннадий,Попов,10,Томаты,1,50,shipped
25,2cd09accd813ca406994107abcd46f7e,2025-06-17T00:00:00,2,Ярославль,1001,Евгений,Иванов,11,Хлеб ржаной,4,80,shipped
26,c13bc6232f882f02de8baa128a889b1f,2025-06-17T00:00:00,0,Москва,3201,Олег,Сидоров,11,Хлеб ржаной,2,40,shipped
27,894341ed40dd442dfe8b19385c27d039,2025-06-17T00:00:00,2,Ярославль,1516,Евгения,Лебедева,2,Молоко 5%,1,150,shipped
28,818d8a8cef292ff45e50fab2691d86dc,2025-06-17T00:00:00,0,Москва,9004,Эдуард,Иванов,5,Яблоко молодильное,5,2000,shipped
29,4822e892475bfc317307c179a09a42a6,2025-06-17T00:00:00,0,Москва,9700,Эдуард,Соколов,8,Лампочка LED,1,300,shipped
30,3fbaaafd64d1ca824681f9df9b453e82,2025-06-17T00:00:00,2,Ярославль,1815,Евгения,Козлова,4,Сахар песок,5,250,shipped
31,bdc9093f3ba6624e0a8af9215f9bd924,2025-06-17T00:00:00,2,Ярославль,7007,Константин,Иванов,4,Сахар песок,1,50,shipped
32,7ae93182d9a3a00b453efbbeb7563fd0,2025-06-17T00:00:00,0,Москва,5311,Оксана,Волкова,3,Устройство для нагревания табака Трубка Мира,3,1500,shipped
33,75f449a7fa3a6ddc674d3d0219d790af,2025-06-17T00:00:00,0,Москва,2701,Петр,Соколов,9,Ручка шариковая,4,180,shipped
34,44966dd995eef6ec5014a9c835e7a7b6,2025-06-17T00:00:00,1,Ростов,6509,Алексей,Попов,1,Молоко 3%,2,240,refunded
35,db69e0974004b6e9ebe81093c4737115,2025-06-17T00:00:00,1,Ростов,2714,Ольга,Павлова,4,Сахар песок,4,200,shipped
36,ed43d70457575cb62bb1d1eeda7b9bca,2025-06-17T00:00:00,0,Москва,8913,Снежанна,Орлова,4,Сахар песок,2,100,refunded
37,a77826250f4b16f4e008abd2fb994c96,2025-06-17T00:00:00,2,Ярославль,5814,Оксана,Козлова,2,Молоко 5%,1,150,shipped
38,43120f5a0e94d303870151995292bcd8,2025-06-17T00:00:00,1,Ростов,6315,Елизавета,Волкова,10,Томаты,4,200,shipped
39,cc1917cb7094715ff556e47327b33dfc,2025-06-17T00:00:00,1,Ростов,6702,Алексей,Соколов,11,Хлеб ржаной,5,100,shipped
40,8bacfb5894201d9e0021d35994c77de3,2025-06-17T00:00:00,2,Ярославль,2610,Ольга,Егорова,9,Ручка шариковая,5,225,shipped
41,c0046cee843ef29a9596dc039c780a6b,2025-06-17T00:00:00,2,Ярославль,8912,Снежанна,Орлова,1,Молоко 3%,3,360,shipped
42,c3372a70d6764d8649ffa9af40731315,2025-06-17T00:00:00,2,Ярославль,5017,Оксана,Великая,6,Яблоко,2,280,shipped
43,f45c67a595cb7405a63565760d0f5839,2025-06-17T00:00:00,2,Ярославль,8317,Снежанна,Волкова,4,Сахар песок,4,200,shipped
44,cd35e3922de11536d97bae4d55e4b581,2025-06-17T00:00:00,2,Ярославль,6507,Алексей,Попов,3,Устройство для нагревания табака Трубка Мира,4,2000,shipped
45,5bef496b4745f49c85cdd7403979468e,2025-06-17T00:00:00,0,Москва,1509,Евгений,Попов,10,Томаты,4,200,refunded
46,428c4a9aa5d5ec410defe747f4bbf8a2,2025-06-17T00:00:00,2,Ярославль,5503,Александр,Попов,0,Молоко 1%,5,500,shipped
47,2005656ab81ddd61a8e284a925b8ef39,2025-06-17T00:00:00,2,Ярославль,8602,Геннадий,Васильев,10,Томаты,2,100,shipped
48,e8158a141a75533e5d795c83c1c4be29,2025-06-17T00:00:00,0,Москва,8402,Геннадий,Кузнецов,9,Ручка шариковая,3,135,shipped
49,771aa279ff01063ffb567c6e22a912bc,2025-06-17T00:00:00,0,Москва,3318,Светлана,Волкова,7,Средство для мытья посуды,2,400,shipped
50,33051eecd5caef08b4c17959c5660fb1,2025-06-17T00:00:00,0,Москва,7907,Константин,Новиков,11,Хлеб ржаной,5,100,shipped
51,95ac0beeba058d23317e6cef1dc0b72e,2025-06-17T00:00:00,1,Ростов,8500,Геннадий,Попов,4,Сахар песок,2,100,shipped
52,68d6ad3a7e94e8b15e744e0c01d1b2f7,2025-06-17T00:00:00,2,Ярославль,4211,Екатерина,Морозова,1,Молоко 3%,4,480,shipped
53,c2db1911244c9fbb49ba88d348c5877c,2025-06-17T00:00:00,1,Ростов,1205,Евгений,Сидоров,0,Молоко 1%,3,300,shipped
54,1a3a12254308279abc097ffea6657c56,2025-06-17T00:00:00,1,Ростов,2616,Ольга,Егорова,0,Молоко 1%,5,500,shipped
55,d545416d67ad8e7b985a067c8b9a88a1,2025-06-17T00:00:00,2,Ярославль,5116,Оксана,Федорова,8,Лампочка LED,3,900,shipped
56,dd2d5af16e7f81a591e2bbf1f5b9d1cb,2025-06-17T00:00:00,2,Ярославль,5815,Оксана,Козлова,6,Яблоко,4,560,shipped
57,ed71e6eaeadf1a41f7ff17937f4b74c2,2025-06-17T00:00:00,1,Ростов,218,Александра,Морозова,4,Сахар песок,2,100,shipped
58,f97063b0a3ca7f010b5ead9684a48da1,2025-06-17T00:00:00,2,Ярославль,9311,Надежда,Волкова,1,Молоко 3%,3,360,shipped
59,da1a6f7e68ce9fea6bfd0e1cceb8046f,2025-06-17T00:00:00,2,Ярославль,3717,Светлана,Павлова,10,Томаты,3,150,shipped
60,846d1fe920012fc37838d95283e15671,2025-06-17T00:00:00,1,Ростов,5210,Оксана,Морозова,8,Лампочка LED,5,1500,shipped
61,8c4692de7e5edbb27c1522beaddad871,2025-06-17T00:00:00,1,Ростов,9305,Эдуард,Смирнов,3,Устройство для нагревания табака Трубка Мира,3,1500,shipped
62,3a9e29124949f0c04136056f66fb4c27,2025-06-17T00:00:00,1,Ростов,4219,Екатерина,Морозова,9,Ручка шариковая,3,135,shipped
63,fad51206e68204245f4dbfee840d23da,2025-06-17T00:00:00,2,Ярославль,3917,Светлана,Орлова,0,Молоко 1%,2,200,shipped
64,ef74c0e543e7c2a8cdd9bdeccea895b1,2025-06-17T00:00:00,1,Ростов,402,Иван,Кузнецов,11,Хлеб ржаной,5,100,shipped
65,69e76422879e2305eb7ed4fdbc736644,2025-06-17T00:00:00,2,Ярославль,9006,Эдуард,Иванов,3,Устройство для нагревания табака Трубка Мира,1,500,refunded
66,27106459d852c4cd5d660dcf44429eec,2025-06-17T00:00:00,2,Ярославль,8005,Геннадий,Иванов,10,Томаты,2,100,shipped
67,909a271c9bfa5ca54ea56e1169f8aa46,2025-06-17T00:00:00,0,Москва,4808,Сергей,Михайлов,4,Сахар песок,2,100,shipped
68,92a971a29f9b9bcc6364a37b91ad2c77,2025-06-17T00:00:00,0,Москва,6310,Елизавета,Волкова,6,Яблоко,3,420,shipped
69,3012ca058f0112ec60456b378ac0b4ba,2025-06-17T00:00:00,1,Ростов,6913,Елизавета,Орлова,7,Средство для мытья посуды,5,1000,shipped
70,43df6cc8c0640350e6a4224ee7083c6a,2025-06-17T00:00:00,2,Ярославль,9718,Надежда,Павлова,5,Яблоко молодильное,3,1200,refunded
71,c0ae9b6be00b23b84fb0180e9d69de26,2025-06-17T00:00:00,1,Ростов,716,Александра,Павлова,4,Сахар песок,4,200,shipped
72,62a79fdea979e1b1a54856d22611f369,2025-06-17T00:00:00,2,Ярославль,3103,Олег,Петров,9,Ручка шариковая,4,180,shipped
73,434eb4ca6db072e2965f82ff4192d773,2025-06-17T00:00:00,0,Москва,104,Иван,Петров,11,Хлеб ржаной,2,40,shipped
74,8b0d753efb425d9b2c2fc641543f9952,2025-06-17T00:00:00,1,Ростов,6410,Елизавета,Алексеева,4,Сахар песок,1,50,shipped
75,f28416fdb9d7efa9c380fb55020f3a31,2025-06-17T00:00:00,0,Москва,1309,Евгений,Смирнов,10,Томаты,2,100,shipped
76,1867b3ffe76b9b7de5cb06e792f66f25,2025-06-17T00:00:00,0,Москва,1707,Евгений,Соколов,2,Молоко 5%,2,300,refunded
77,4c1399eac812bdb29733b3895d9a5116,2025-06-17T00:00:00,1,Ростов,2501,Петр,Попов,5,Яблоко молодильное,4,1600,shipped
78,7c02a23de5d015c8e9cbd11885d71581,2025-06-17T00:00:00,1,Ростов,519,Александра,Лебедева,6,Яблоко,1,140,shipped
79,50dbe9ce3de85b97b8797cbf3e1a1596,2025-06-17T00:00:00,2,Ярославль,0,Иван,Иванов,0,Молоко 1%,2,200,shipped
80,a4df56d2f19848542e9f5e580f07d976,2025-06-17T00:00:00,0,Москва,7107,Константин,Петров,7,Средство для мытья посуды,3,600,shipped
81,5daca7cdb9411bd85e72be6f35c9ac03,2025-06-17T00:00:00,1,Ростов,901,Иван,Новиков,2,Молоко 5%,5,750,shipped
82,c56f44de6dc4d1f4b00cfe32e60afbcb,2025-06-17T00:00:00,0,Москва,7207,Константин,Сидоров,2,Молоко 5%,2,300,shipped
83,8a4ae8ab24ee0909bc21f05944eb9711,2025-06-17T00:00:00,2,Ярославль,7308,Константин,Смирнов,11,Хлеб ржаной,1,20,shipped
84,e5f5ddcd938a355fd94983ce84fe8f6a,2025-06-17T00:00:00,2,Ярославль,101,Иван,Петров,6,Яблоко,5,700,shipped
85,6d39fda6a82a55740d424afa8b1a89cf,2025-06-17T00:00:00,1,Ростов,410,Александра,Алексеева,5,Яблоко молодильное,4,1600,shipped
86,9705697c02487a991505a8d891ba6a2a,2025-06-17T00:00:00,1,Ростов,9004,Эдуард,Иванов,11,Хлеб ржаной,2,40,shipped
87,0a415fad66a2db4c70216f4f3c122c73,2025-06-17T00:00:00,2,Ярославль,9217,Надежда,Морозова,5,Яблоко молодильное,3,1200,shipped
88,6016c978da16583a819fe88edc9e5c0c,2025-06-17T00:00:00,1,Ростов,7308,Константин,Смирнов,9,Ручка шариковая,3,135,shipped
89,98e4ebbbcee0f4c00bbbdbd083575fb0,2025-06-17T00:00:00,1,Ростов,3309,Олег,Смирнов,1,Молоко 3%,1,120,shipped
90,9fd23b4f252fa986c78b8a87013e8a83,2025-06-17T00:00:00,1,Ростов,3219,Светлана,Морозова,6,Яблоко,3,420,shipped
91,2a65aa75a116777cb0bb2919230052c5,2025-06-17T00:00:00,2,Ярославль,3216,Светлана,Морозова,8,Лампочка LED,4,1200,shipped
92,1737afa15b80138721eb9967a37a923f,2025-06-17T00:00:00,0,Москва,7802,Константин,Михайлов,11,Хлеб ржаной,1,20,shipped
93,c12cee6559a1891cfa1bfe55e2ef9553,2025-06-17T00:00:00,0,Москва,2102,Петр,Петров,1,Молоко 3%,2,240,shipped
94,d3c20f3b2ef2b056c107ef77734bad8a,2025-06-17T00:00:00,0,Москва,6308,Алексей,Смирнов,10,Томаты,1,50,shipped
95,73264c1d3cbc133d1066b5a6a0953954,2025-06-17T00:00:00,0,Москва,7007,Константин,Иванов,5,Яблоко молодильное,2,800,shipped
96,de58de7f843793c9bbd5717f02aa2a81,2025-06-17T00:00:00,1,Ростов,8306,Геннадий,Смирнов,8,Лампочка LED,4,1200,shipped
97,15ef794d670097dda244754f3fefb900,2025-06-17T00:00:00,0,Москва,4518,Екатерина,Лебедева,10,Томаты,5,250,shipped
98,bad22a5231acc1f7f2aeb07b63a4967e,2025-06-17T00:00:00,0,Москва,1917,Евгения,Орлова,9,Ручка шариковая,3,135,shipped
99,b36e9ebae651775a8f35ce5cc65e9b0b,2025-06-17T00:00:00,0,Москва,6418,Елизавета,Алексеева,2,Молоко 5%,4,600,shipped
100,811bc151951a4c570cfe162e830d0571,2025-06-17T00:00:00,2,Ярославль,4108,Сергей,Петров,2,Молоко 5%,5,750,shipped
101,9d4f6bbd9f03bda03fe3b2943b50f827,2025-06-17T00:00:00,1,Ростов,8309,Геннадий,Смирнов,8,Лампочка LED,1,300,shipped
102,0dde39cbcf1857c1b9f75027e2083ab3,2025-06-17T00:00:00,2,Ярославль,8508,Геннадий,Попов,6,Яблоко,3,420,shipped
103,97cfc6103b35da56b9eda73afb91458b,2025-06-17T00:00:00,1,Ростов,1713,Евгения,Павлова,5,Яблоко молодильное,4,1600,shipped
104,814e14f96a790bf6e4f795345b7707be,2025-06-17T00:00:00,2,Ярославль,9309,Эдуард,Смирнов,4,Сахар песок,3,150,shipped
105,bdec12f1325692d607b288ecd222a555,2025-06-17T00:00:00,0,Москва,6800,Алексей,Михайлов,9,Ручка шариковая,4,180,shipped
106,8c9b3fec2a333e066eb7b8c1e1b8ed7a,2025-06-17T00:00:00,0,Москва,7503,Константин,Попов,8,Лампочка LED,2,600,shipped
107,6ebf19850da7b87c28cbb7359f912e14,2025-06-17T00:00:00,1,Ростов,5004,Александр,Иванов,10,Томаты,1,50,shipped
108,54b6b70cc478e7c2ae720666408b0144,2025-06-17T00:00:00,2,Ярославль,5019,Оксана,Великая,11,Хлеб ржаной,5,100,shipped
109,fc8a2f69f6ec528bf9c4be5ea856f1f4,2025-06-17T00:00:00,0,Москва,704,Иван,Соколов,7,Средство для мытья посуды,3,600,shipped
110,f2d8f3cb4553a9cc59d42f7383fa4ba9,2025-06-17T00:00:00,0,Москва,7814,Анна,Козлова,2,Молоко 5%,3,450,shipped
111,6eb32ad115e1c4f0a0ff81931334d22d,2025-06-17T00:00:00,0,Москва,9317,Надежда,Волкова,11,Хлеб ржаной,3,60,shipped
112,acb069b021d4c29e9d01fd1674c02e66,2025-06-17T00:00:00,2,Ярославль,9416,Надежда,Алексеева,0,Молоко 1%,2,200,shipped
113,a08c3b0d0a0ebe2e8515e45d102e2010,2025-06-17T00:00:00,2,Ярославль,2701,Петр,Соколов,4,Сахар песок,4,200,shipped
114,3b8d6aa2aad3b206536f9294138d7c98,2025-06-17T00:00:00,2,Ярославль,7703,Константин,Соколов,10,Томаты,5,250,shipped
115,b74d1359d6a536af786cd69b56ae053e,2025-06-17T00:00:00,2,Ярославль,7308,Константин,Смирнов,3,Устройство для нагревания табака Трубка Мира,5,2500,shipped
116,79c07ea89e5d1f4da1464e8b1c2f1a66,2025-06-17T00:00:00,2,Ярославль,1103,Евгений,Петров,0,Молоко 1%,4,400,shipped
117,e749ad1c836d4898b39790f4c3fa6eb0,2025-06-17T00:00:00,1,Ростов,4319,Екатерина,Волкова,6,Яблоко,5,700,shipped
118,c9955eaab814b08b815c1b4e41c29872,2025-06-17T00:00:00,1,Ростов,305,Иван,Смирнов,6,Яблоко,1,140,shipped
119,03b47c23811e2253ca271ad56cba4b4e,2025-06-17T00:00:00,2,Ярославль,605,Иван,Васильев,2,Молоко 5%,3,450,shipped
120,45a0aa3f6b0e78d9d16430652bd0d97e,2025-06-17T00:00:00,1,Ростов,2215,Ольга,Морозова,10,Томаты,2,100,shipped
121,7a3dedf3672d593761036c77146e6ba3,2025-06-17T00:00:00,1,Ростов,3409,Олег,Кузнецов,0,Молоко 1%,2,200,shipped
122,9d34b44e9dcb70b26d5b16fb00b46ccc,2025-06-17T00:00:00,2,Ярославль,9115,Надежда,Федорова,11,Хлеб ржаной,5,100,shipped
123,89f8817b3964326a2d1349849c60bb0c,2025-06-17T00:00:00,2,Ярославль,3116,Светлана,Федорова,1,Молоко 3%,3,360,shipped
124,2647ad0c58452ad8f149917b6e475d69,2025-06-17T00:00:00,0,Москва,6614,Елизавета,Егорова,9,Ручка шариковая,1,45,shipped
125,e6ddad8dc422faa711bcfc253973f128,2025-06-17T00:00:00,2,Ярославль,3613,Светлана,Егорова,5,Яблоко молодильное,1,400,shipped
126,88caed28e0763f375e889053e37b3c32,2025-06-17T00:00:00,0,Москва,607,Иван,Васильев,9,Ручка шариковая,4,180,shipped
127,9ec938e18e948c0d3fdab4710195cc99,2025-06-17T00:00:00,2,Ярославль,1110,Евгения,Федорова,5,Яблоко молодильное,5,2000,shipped
128,7ea59729e0ae1813835b1ea28c094c7a,2025-06-17T00:00:00,1,Ростов,9315,Надежда,Волкова,7,Средство для мытья посуды,3,600,shipped
129,4833ba20ebb04116eceed2e86207b0fd,2025-06-17T00:00:00,1,Ростов,4207,Сергей,Сидоров,4,Сахар песок,1,50,shipped
130,a65259bfbd116f76a263bd9e8e29989b,2025-06-17T00:00:00,2,Ярославль,8613,Снежанна,Егорова,5,Яблоко молодильное,2,800,shipped
131,9f2c01047374a816780e81c5616393f6,2025-06-17T00:00:00,1,Ростов,9309,Эдуард,Смирнов,11,Хлеб ржаной,4,80,shipped
132,545e6589ed6321652fe52826fc43f45f,2025-06-17T00:00:00,2,Ярославль,2017,Ольга,Великая,2,Молоко 5%,2,300,refunded
133,f939ee6214169bada5b8d6f7f3dc9dcb,2025-06-17T00:00:00,0,Москва,1209,Евгений,Сидоров,2,Молоко 5%,3,450,shipped
134,89f37aa27768f0be3646a460a924b9d1,2025-06-17T00:00:00,1,Ростов,815,Александра,Козлова,6,Яблоко,5,700,shipped
135,2183749a3745dd69323c481df5072dba,2025-06-17T00:00:00,2,Ярославль,4519,Екатерина,Лебедева,6,Яблоко,4,560,shipped
136,cbecbc349b9e3c714e08bbe302d46c3a,2025-06-17T00:00:00,1,Ростов,809,Иван,Михайлов,5,Яблоко молодильное,2,800,shipped
137,758de7e3c62a0586adc044352746b497,2025-06-17T00:00:00,2,Ярославль,9415,Надежда,Алексеева,8,Лампочка LED,3,900,shipped
138,eb031c8e009f0d991f86d5a3544068fd,2025-06-17T00:00:00,2,Ярославль,7108,Константин,Петров,2,Молоко 5%,4,600,shipped
139,6c7ece8be160357dddfaae9f3f9515cd,2025-06-17T00:00:00,0,Москва,1418,Евгения,Алексеева,11,Хлеб ржаной,3,60,shipped
140,0154bc540d8f8db64e7094bb1839d67e,2025-06-17T00:00:00,0,Москва,6015,Елизавета,Великая,7,Средство для мытья посуды,5,1000,shipped
141,9d86111c27568adfff57e4c167eab2eb,2025-06-17T00:00:00,1,Ростов,400,Иван,Кузнецов,1,Молоко 3%,1,120,shipped
142,585252d23a3585dee5452c6daa412b95,2025-06-17T00:00:00,1,Ростов,8617,Снежанна,Егорова,4,Сахар песок,5,250,shipped
143,290ca4a4fe357f8d4fa39fc25c4d8115,2025-06-17T00:00:00,1,Ростов,2903,Петр,Новиков,6,Яблоко,3,420,shipped
144,2c76477c14c8f8dfe777f759bd788f2f,2025-06-17T00:00:00,2,Ярославль,9401,Эдуард,Кузнецов,9,Ручка шариковая,2,90,shipped
145,121ff021e830ebeafa3eb85e5b7249b0,2025-06-17T00:00:00,1,Ростов,8607,Геннадий,Васильев,6,Яблоко,2,280,shipped
146,dca3e63404532182c6ace0e70fe200bd,2025-06-17T00:00:00,2,Ярославль,4507,Сергей,Попов,9,Ручка шариковая,3,135,shipped
147,af052a5daf295a052a06fd18702143cb,2025-06-17T00:00:00,2,Ярославль,2316,Ольга,Волкова,0,Молоко 1%,3,300,shipped
148,56192658ff4a973fda24a1f56c7968cb,2025-06-17T00:00:00,0,Москва,6518,Елизавета,Лебедева,3,Устройство для нагревания табака Трубка Мира,5,2500,shipped
149,4e7eb3cdb43cb8e9a7ed71224f30c748,2025-06-17T00:00:00,0,Москва,1804,Евгений,Михайлов,5,Яблоко молодильное,1,400,shipped
150,157664ced5b87a0545db42317f2ede72,2025-06-17T00:00:00,0,Москва,6502,Алексей,Попов,1,Молоко 3%,3,360,shipped
151,aaa1133b543b2813a7368a31023bf553,2025-06-17T00:00:00,0,Москва,5917,Оксана,Орлова,1,Молоко 3%,2,240,shipped
152,a498f7bae23ceb2eb392444912639b3a,2025-06-17T00:00:00,1,Ростов,6210,Елизавета,Морозова,1,Молоко 3%,1,120,shipped
153,b944fe306ce4ab0f86257cb45c8e428d,2025-06-17T00:00:00,1,Ростов,3709,Олег,Соколов,3,Устройство для нагревания табака Трубка Мира,1,500,shipped
154,e4394159bc6f2c1d0533e8be5d3e7ad8,2025-06-17T00:00:00,0,Москва,6013,Елизавета,Великая,5,Яблоко молодильное,2,800,shipped
155,7f50b931f300042681a43c003f0eac11,2025-06-17T00:00:00,1,Ростов,8417,Снежанна,Алексеева,8,Лампочка LED,1,300,shipped
156,3512fd3301fed97bf4623b0d1a01db76,2025-06-17T00:00:00,2,Ярославль,8013,Снежанна,Великая,0,Молоко 1%,2,200,shipped
157,bf86c5ce066b41503502939ef6eb53d7,2025-06-17T00:00:00,1,Ростов,1400,Евгений,Кузнецов,8,Лампочка LED,3,900,shipped
158,e626f252b47c957fa8e5241bff9c3d14,2025-06-17T00:00:00,0,Москва,7911,Анна,Орлова,3,Устройство для нагревания табака Трубка Мира,5,2500,shipped
159,c1b80f40424e86538afd8e752af727d3,2025-06-17T00:00:00,0,Москва,2812,Ольга,Козлова,8,Лампочка LED,2,600,shipped
160,398ed4922b35bed7b1d02ea73737dc1f,2025-06-17T00:00:00,1,Ростов,1613,Евгения,Егорова,11,Хлеб ржаной,1,20,shipped
161,ef58a4cb5b5dd4c96b4177a7822e02bc,2025-06-17T00:00:00,0,Москва,6105,Алексей,Петров,9,Ручка шариковая,2,90,shipped
162,5ef5b027cd209cacee31254e34584a9a,2025-06-17T00:00:00,0,Москва,9800,Эдуард,Михайлов,2,Молоко 5%,2,300,shipped
163,3bbfe754eb55cc4faee6241ae814558b,2025-06-17T00:00:00,2,Ярославль,5213,Оксана,Морозова,4,Сахар песок,2,100,shipped
164,3de8eff569f09f02c521c0deb25b68a5,2025-06-17T00:00:00,1,Ростов,7804,Константин,Михайлов,3,Устройство для нагревания табака Трубка Мира,1,500,shipped
165,76b69b69b7c8e47786bb884460db52de,2025-06-17T00:00:00,2,Ярославль,6619,Елизавета,Егорова,4,Сахар песок,2,100,refunded
166,80e625b896dd2f5227b6f26645a74628,2025-06-17T00:00:00,0,Москва,9712,Надежда,Павлова,9,Ручка шариковая,1,45,shipped
167,358aef48a0046163de9fbc482d0e4c5f,2025-06-17T00:00:00,2,Ярославль,3008,Олег,Иванов,4,Сахар песок,5,250,shipped
168,6e6d86028605fcf0ce038db14192c536,2025-06-17T00:00:00,0,Москва,7111,Анна,Федорова,11,Хлеб ржаной,5,100,shipped
169,c02e63c03f953a7bfdc7e2dc2706ceca,2025-06-17T00:00:00,2,Ярославль,9417,Надежда,Алексеева,8,Лампочка LED,4,1200,shipped
170,547b912b2909ffeb5041d418d76318f8,2025-06-17T00:00:00,0,Москва,6903,Алексей,Новиков,10,Томаты,4,200,shipped
171,f83109d5ed0351c12882704a12d72793,2025-06-17T00:00:00,2,Ярославль,8416,Снежанна,Алексеева,11,Хлеб ржаной,1,20,shipped
172,7c8d4a20e3e7a5e6af742f87550df2a4,2025-06-17T00:00:00,2,Ярославль,4206,Сергей,Сидоров,9,Ручка шариковая,2,90,shipped
173,c74e606b135526d8a24724005ee11b16,2025-06-17T00:00:00,2,Ярославль,9716,Надежда,Павлова,5,Яблоко молодильное,2,800,shipped
174,c114deca806b4237c9ef4fa97789f6ee,2025-06-17T00:00:00,1,Ростов,3112,Светлана,Федорова,9,Ручка шариковая,2,90,shipped
175,cf1b2d5291823cddd60541d12a30162f,2025-06-17T00:00:00,2,Ярославль,8006,Геннадий,Иванов,0,Молоко 1%,3,300,shipped
176,0e651d4d8e9e30d8edf1f935c75b2fe7,2025-06-17T00:00:00,1,Ростов,5212,Оксана,Морозова,4,Сахар песок,2,100,shipped
177,9292b21b7b4218d27dd481500f5a17d5,2025-06-17T00:00:00,2,Ярославль,7215,Анна,Морозова,8,Лампочка LED,4,1200,shipped
178,f4077538b9713270d306ac25e682d83c,2025-06-17T00:00:00,0,Москва,7303,Константин,Смирнов,6,Яблоко,3,420,shipped
179,791bbac96c7b43f42ccd82fac2d07be5,2025-06-17T00:00:00,2,Ярославль,5503,Александр,Попов,3,Устройство для нагревания табака Трубка Мира,2,1000,shipped
180,d03110f3849a090e29b315b1183d240e,2025-06-17T00:00:00,0,Москва,7102,Константин,Петров,3,Устройство для нагревания табака Трубка Мира,1,500,shipped
181,5f5e3c23a1fc9fb6f62cc23d1508bdc6,2025-06-17T00:00:00,0,Москва,9502,Эдуард,Попов,11,Хлеб ржаной,5,100,shipped
182,8de75d4124a2eed1b63b99584a66942e,2025-06-17T00:00:00,1,Ростов,9804,Эдуард,Михайлов,11,Хлеб ржаной,1,20,shipped
183,d57b7266e6845115575a14367f8d4edc,2025-06-17T00:00:00,0,Москва,5519,Оксана,Лебедева,4,Сахар песок,5,250,shipped
184,2373e4a0033befbec2a2cddb644cd147,2025-06-17T00:00:00,0,Москва,8911,Снежанна,Орлова,11,Хлеб ржаной,3,60,refunded
185,acb0b98716d2bab254ea6db4aa6708bb,2025-06-17T00:00:00,1,Ростов,4615,Екатерина,Егорова,2,Молоко 5%,4,600,refunded
186,43950c0363e0d4e1f6acfc124dbc5257,2025-06-17T00:00:00,1,Ростов,6108,Алексей,Петров,10,Томаты,1,50,shipped
187,6c1794e17c781e75954a2deec5e8f258,2025-06-17T00:00:00,1,Ростов,7408,Константин,Кузнецов,3,Устройство для нагревания табака Трубка Мира,5,2500,shipped
188,939acbf2dbc4af9d99651d8bbdcf1491,2025-06-17T00:00:00,0,Москва,4510,Екатерина,Лебедева,1,Молоко 3%,3,360,shipped
189,8118725a780aff8445fd70080f3f392a,2025-06-17T00:00:00,1,Ростов,6009,Алексей,Иванов,10,Томаты,5,250,shipped
190,bf73d447ec990897c4784b4657c0bf66,2025-06-17T00:00:00,0,Москва,2913,Ольга,Орлова,0,Молоко 1%,5,500,shipped
191,962e3f887d5b36c878b482e6543dcc6e,2025-06-17T00:00:00,2,Ярославль,5409,Александр,Кузнецов,7,Средство для мытья посуды,2,400,shipped
192,fb475f73ac45dd31fe258c2335e26e0b,2025-06-17T00:00:00,2,Ярославль,1715,Евгения,Павлова,8,Лампочка LED,5,1500,shipped
193,93f384e9929a7f0209854529b6ef1a5a,2025-06-17T00:00:00,0,Москва,418,Александра,Алексеева,3,Устройство для нагревания табака Трубка Мира,5,2500,shipped
194,85edad23d219ff39f740c9d87087025f,2025-06-17T00:00:00,2,Ярославль,6703,Алексей,Соколов,4,Сахар песок,4,200,shipped
195,d6a1d620ae634e4e938218a65ae650e1,2025-06-17T00:00:00,0,Москва,5107,Александр,Петров,10,Томаты,1,50,shipped
196,41afcfcd814c9bc4854fe0c17902b528,2025-06-17T00:00:00,0,Москва,915,Александра,Орлова,2,Молоко 5%,1,150,shipped
197,b9b38704ae98b40b0715dd70bdfc1b38,2025-06-17T00:00:00,1,Ростов,2506,Петр,Попов,7,Средство для мытья посуды,4,800,shipped
198,3a8277d321a6d39dfe63aa7b4ca387b1,2025-06-17T00:00:00,1,Ростов,1303,Евгений,Смирнов,0,Молоко 1%,5,500,shipped
199,8aa320383be4ae96fa64465b8b90e200,2025-06-17T00:00:00,1,Ростов,3717,Светлана,Павлова,1,Молоко 3%,5,600,shipped
200,c71ee0bb828a5e1685565fad950b9f65,2025-06-17T00:00:00,1,Ростов,1415,Евгения,Алексеева,7,Средство для мытья посуды,2,400,shipped
201,93578f6fc3929d55e8d49a2aa7fb706c,2025-06-17T00:00:00,2,Ярославль,6206,Алексей,Сидоров,1,Молоко 3%,1,120,shipped
202,708695c8da9a8278434fff622b47b153,2025-06-17T00:00:00,2,Ярославль,2308,Петр,Смирнов,4,Сахар песок,1,50,shipped
203,87670c8e848d1bf608a03b6f2808414c,2025-06-17T00:00:00,0,Москва,6706,Алексей,Соколов,10,Томаты,2,100,shipped
204,f589089d32eb97462107bf0a27633560,2025-06-17T00:00:00,0,Москва,9304,Эдуард,Смирнов,7,Средство для мытья посуды,5,1000,shipped
205,5985ac794a89feb4af86ff2413f75baa,2025-06-17T00:00:00,1,Ростов,1505,Евгений,Попов,1,Молоко 3%,1,120,shipped
206,53af5fd0d272ebcbb173f2339bb0ad1a,2025-06-17T00:00:00,0,Москва,8905,Геннадий,Новиков,2,Молоко 5%,2,300,shipped
207,94842ecbc44f9ffa8e063769dbcd890c,2025-06-17T00:00:00,1,Ростов,1806,Евгений,Михайлов,5,Яблоко молодильное,2,800,shipped
208,20937dd981b7b2856e565b44c0e76053,2025-06-17T00:00:00,2,Ярославль,7015,Анна,Великая,11,Хлеб ржаной,4,80,shipped
209,359ae4ba9494a4cd6b1558b1930f7af1,2025-06-17T00:00:00,1,Ростов,9711,Надежда,Павлова,2,Молоко 5%,1,150,shipped
210,1daa3ede1f804538bb98af821dd19ab4,2025-06-17T00:00:00,1,Ростов,1916,Евгения,Орлова,6,Яблоко,3,420,shipped
211,b04735d731deb210fc9073cae3743026,2025-06-17T00:00:00,2,Ярославль,209,Иван,Сидоров,6,Яблоко,1,140,shipped
212,a280b4c282ab8e859a5dd01702eb2d4b,2025-06-17T00:00:00,1,Ростов,9217,Надежда,Морозова,10,Томаты,3,150,shipped
213,6ab2ada9a7788817f5df8d13b216b8b5,2025-06-17T00:00:00,1,Ростов,3212,Светлана,Морозова,11,Хлеб ржаной,4,80,shipped
214,426fd7976b36ba3a4985711d3b83a910,2025-06-17T00:00:00,2,Ярославль,4913,Екатерина,Орлова,9,Ручка шариковая,4,180,shipped
215,0e72f1f95d4ea518357e3eec0a43c934,2025-06-17T00:00:00,1,Ростов,7909,Константин,Новиков,9,Ручка шариковая,1,45,shipped
216,33102520a436f2fe970a1547619445fa,2025-06-17T00:00:00,2,Ярославль,8300,Геннадий,Смирнов,3,Устройство для нагревания табака Трубка Мира,1,500,shipped
217,575d9f05b06a889daa2bb50fa284e422,2025-06-17T00:00:00,0,Москва,516,Александра,Лебедева,1,Молоко 3%,4,480,shipped
218,d2b1060f785c8ac5c6e42e747b71619a,2025-06-17T00:00:00,2,Ярославль,8009,Геннадий,Иванов,11,Хлеб ржаной,5,100,refunded
219,22ae96a7a20ede5279077d61ff109862,2025-06-17T00:00:00,2,Ярославль,8118,Снежанна,Федорова,3,Устройство для нагревания табака Трубка Мира,3,1500,shipped
220,c22b52387f876ca7ab37eb04cfa57a9f,2025-06-17T00:00:00,0,Москва,2315,Ольга,Волкова,7,Средство для мытья посуды,5,1000,shipped
221,b4e64984fe0b86de78a07a96e84c66ba,2025-06-17T00:00:00,1,Ростов,3604,Олег,Васильев,4,Сахар песок,1,50,shipped
222,9836e361e3f0805e49bcddcd02b52490,2025-06-17T00:00:00,2,Ярославль,8516,Снежанна,Лебедева,0,Молоко 1%,5,500,shipped
223,31380719a83e1b75765593363f53e935,2025-06-17T00:00:00,0,Москва,1107,Евгений,Петров,1,Молоко 3%,5,600,shipped
224,539c90bcb7409fc75821ae1f78811b2d,2025-06-17T00:00:00,2,Ярославль,8418,Снежанна,Алексеева,4,Сахар песок,2,100,shipped
225,217e4e96b27aa97e8e73341f3c76d7a7,2025-06-17T00:00:00,1,Ростов,2417,Ольга,Алексеева,0,Молоко 1%,4,400,shipped
226,09b15fb17ad225a2b9fbb5339b30343b,2025-06-17T00:00:00,0,Москва,7109,Константин,Петров,6,Яблоко,1,140,shipped
227,d56e01a38fdff4bd8c5262db662d2c71,2025-06-17T00:00:00,2,Ярославль,8402,Геннадий,Кузнецов,10,Томаты,5,250,shipped
228,702490f46c53726559c4b6c3acc5a546,2025-06-17T00:00:00,0,Москва,8919,Снежанна,Орлова,9,Ручка шариковая,4,180,refunded
229,37093a0122fec2fa42de1b50780b78f8,2025-06-17T00:00:00,1,Ростов,6014,Елизавета,Великая,3,Устройство для нагревания табака Трубка Мира,3,1500,refunded
230,e20725217c9d183298ef42232edafe12,2025-06-17T00:00:00,0,Москва,4615,Екатерина,Егорова,1,Молоко 3%,4,480,shipped
231,f0139955a35750aa90868c31e65eec06,2025-06-17T00:00:00,2,Ярославль,208,Иван,Сидоров,2,Молоко 5%,4,600,shipped
232,d69212b8adc53b2bc38dcbf9b3f62840,2025-06-17T00:00:00,2,Ярославль,3809,Олег,Михайлов,10,Томаты,2,100,shipped
233,12c627198aee84822e5617870a29ff9e,2025-06-17T00:00:00,0,Москва,1005,Евгений,Иванов,3,Устройство для нагревания табака Трубка Мира,4,2000,shipped
234,e20fd165372a1b6cc8cf38fed1ae56d8,2025-06-17T00:00:00,0,Москва,5800,Александр,Михайлов,7,Средство для мытья посуды,2,400,shipped
235,a395835338dcc7354fae6ac079a0b5b6,2025-06-17T00:00:00,0,Москва,6709,Алексей,Соколов,0,Молоко 1%,5,500,shipped
236,39526cd9be867f24f09460e76394157c,2025-06-17T00:00:00,2,Ярославль,3903,Олег,Новиков,5,Яблоко молодильное,1,400,shipped
237,828153c626d9ed6ccba2fbde6225a4c1,2025-06-17T00:00:00,1,Ростов,6109,Алексей,Петров,11,Хлеб ржаной,5,100,shipped
238,f5f03893932d680ac4082f529d3c30be,2025-06-17T00:00:00,0,Москва,3010,Светлана,Великая,2,Молоко 5%,3,450,shipped
239,fcb265aac9ee228b9d984a3e83406e31,2025-06-17T00:00:00,0,Москва,3112,Светлана,Федорова,6,Яблоко,2,280,shipped
240,745fc1d44630e86e4779135ff9c636c9,2025-06-17T00:00:00,0,Москва,6200,Алексей,Сидоров,5,Яблоко молодильное,1,400,shipped
241,55861e3fe778d5e1c02a82ce0acf0ed4,2025-06-17T00:00:00,1,Ростов,6713,Елизавета,Павлова,6,Яблоко,5,700,shipped
242,273e49755c2a9c59eeba6042f4029d40,2025-06-17T00:00:00,1,Ростов,4400,Сергей,Кузнецов,2,Молоко 5%,2,300,shipped
243,c6a536291af373375ae8059fe117568e,2025-06-17T00:00:00,1,Ростов,5303,Александр,Смирнов,9,Ручка шариковая,1,45,shipped
244,7ac9b1d937be333e08462539d4ebc169,2025-06-17T00:00:00,0,Москва,7910,Анна,Орлова,6,Яблоко,4,560,refunded
245,bd3b04549d6bd372cdab80ded188abeb,2025-06-17T00:00:00,0,Москва,9307,Эдуард,Смирнов,7,Средство для мытья посуды,2,400,shipped
246,5891e9202ea80e1a1a8f774ff4cc5fcf,2025-06-17T00:00:00,2,Ярославль,4315,Екатерина,Волкова,8,Лампочка LED,2,600,shipped
247,0e025b962aca92342093eab1e9bb44c7,2025-06-17T00:00:00,1,Ростов,4306,Сергей,Смирнов,5,Яблоко молодильное,1,400,shipped
248,439e9329bfb5769c0441371519e6b3d1,2025-06-17T00:00:00,2,Ярославль,7817,Анна,Козлова,10,Томаты,4,200,shipped
249,08317e50016d5147748f4c3427a8a411,2025-06-17T00:00:00,0,Москва,9907,Эдуард,Новиков,10,Томаты,1,50,shipped
250,4ea48055ac32b217acc39b5bb889538c,2025-06-17T00:00:00,2,Ярославль,9510,Надежда,Лебедева,3,Устройство для нагревания табака Трубка Мира,3,1500,shipped
251,29f7a8da273a7fc60443a1c8352a3718,2025-06-17T00:00:00,2,Ярославль,3211,Светлана,Морозова,4,Сахар песок,1,50,refunded
252,ad3fad5b75fb92f501accf6e61c82ca1,2025-06-17T00:00:00,2,Ярославль,7012,Анна,Великая,5,Яблоко молодильное,1,400,shipped
253,33e27097458aa9ca4b33a596c0fceb5f,2025-06-17T00:00:00,1,Ростов,9012,Надежда,Великая,11,Хлеб ржаной,2,40,shipped
254,32d16e772d0dcbc31dab85cbcb9f2040,2025-06-17T00:00:00,2,Ярославль,1616,Евгения,Егорова,4,Сахар песок,1,50,shipped
255,ffa242843f3cbfc138047fa7083d9692,2025-06-17T00:00:00,1,Ростов,6216,Елизавета,Морозова,9,Ручка шариковая,4,180,shipped
256,b4625b8732900f5d35380a2a77ac0b82,2025-06-17T00:00:00,1,Ростов,4809,Сергей,Михайлов,5,Яблоко молодильное,5,2000,shipped
257,9c9fffca88cb8e36287a8e9963688650,2025-06-17T00:00:00,1,Ростов,7510,Анна,Лебедева,1,Молоко 3%,4,480,shipped
258,c4cdf2c60b4d8f40857079c973401019,2025-06-17T00:00:00,2,Ярославль,4006,Сергей,Иванов,10,Томаты,4,200,refunded
259,0d73b85142ab1319631e5a8f407e046a,2025-06-17T00:00:00,1,Ростов,2909,Петр,Новиков,2,Молоко 5%,5,750,shipped
260,453b91cde6e5492c53e1b9c1cd36a50f,2025-06-17T00:00:00,2,Ярославль,4501,Сергей,Попов,11,Хлеб ржаной,3,60,shipped
261,2ae177441e13357abe1c63de6a14a301,2025-06-17T00:00:00,1,Ростов,3917,Светлана,Орлова,1,Молоко 3%,4,480,shipped
262,f9dd7798cb9c668165864e5184ee2309,2025-06-17T00:00:00,0,Москва,2214,Ольга,Морозова,4,Сахар песок,3,150,shipped
263,116e6e7e7890e9af2c8ee53b296c4414,2025-06-17T00:00:00,1,Ростов,2304,Петр,Смирнов,10,Томаты,4,200,refunded
264,bec9112e214b7bc8daaaf374c3bb43eb,2025-06-17T00:00:00,0,Москва,6403,Алексей,Кузнецов,7,Средство для мытья посуды,5,1000,shipped
265,a70ad8b5ec5e1ed4ede13c9bed0614b7,2025-06-17T00:00:00,2,Ярославль,9606,Эдуард,Васильев,3,Устройство для нагревания табака Трубка Мира,4,2000,refunded
266,55cc653db27298bf41acf663b5568cfb,2025-06-17T00:00:00,2,Ярославль,7408,Константин,Кузнецов,1,Молоко 3%,4,480,shipped
267,6c37824824f22395ca0277e510c016c3,2025-06-17T00:00:00,1,Ростов,4207,Сергей,Сидоров,0,Молоко 1%,3,300,shipped
268,3f300f2db1d89474df452ff7dc02d9b3,2025-06-17T00:00:00,0,Москва,6405,Алексей,Кузнецов,4,Сахар песок,2,100,shipped
269,823687163b5eb425a4d6e62e1cd7afcf,2025-06-17T00:00:00,2,Ярославль,1011,Евгения,Великая,2,Молоко 5%,3,450,shipped
270,3c1bf37528b47524e1b9ed120a6f852f,2025-06-17T00:00:00,1,Ростов,8317,Снежанна,Волкова,1,Молоко 3%,4,480,shipped
271,920a02130d8cbed7ab786828154c9963,2025-06-17T00:00:00,2,Ярославль,3416,Светлана,Алексеева,1,Молоко 3%,4,480,shipped
272,5593570f2b66d407e4c308b52a29c622,2025-06-17T00:00:00,1,Ростов,119,Александра,Федорова,1,Молоко 3%,5,600,shipped
273,6363688629d882a5c888c0540022e451,2025-06-17T00:00:00,2,Ярославль,9717,Надежда,Павлова,1,Молоко 3%,1,120,shipped
274,8a83ef2b254e5e468ce2b82b7e2d2cff,2025-06-17T00:00:00,2,Ярославль,3112,Светлана,Федорова,0,Молоко 1%,1,100,shipped
275,81f357e40ea392f64a0f0d204e8dd3e8,2025-06-17T00:00:00,2,Ярославль,9007,Эдуард,Иванов,1,Молоко 3%,3,360,refunded
276,8dc55792d7de475c61b3a0834505ca3c,2025-06-17T00:00:00,0,Москва,4301,Сергей,Смирнов,0,Молоко 1%,3,300,shipped
277,03ef3dbeeec53405deb626d289d4a911,2025-06-17T00:00:00,2,Ярославль,8910,Снежанна,Орлова,10,Томаты,3,150,shipped
278,ee4ab7ceda18bf2b184326cdac9b13ab,2025-06-17T00:00:00,2,Ярославль,3809,Олег,Михайлов,6,Яблоко,5,700,shipped
279,2aeea69dac597b9bd20302045c192b74,2025-06-17T00:00:00,0,Москва,2017,Ольга,Великая,6,Яблоко,5,700,shipped
280,01d4a46e4d321d17725377c3c7d41bbe,2025-06-17T00:00:00,1,Ростов,2206,Петр,Сидоров,2,Молоко 5%,4,600,shipped
281,80e5a59f6ab5d45334df3b147de3f0d7,2025-06-17T00:00:00,1,Ростов,2613,Ольга,Егорова,6,Яблоко,5,700,shipped
282,a30c5690026d210a87208bbf54ab07d7,2025-06-17T00:00:00,2,Ярославль,608,Иван,Васильев,4,Сахар песок,4,200,shipped
283,8b8cfb36fe6c44bf3d7bcfe021255b42,2025-06-17T00:00:00,0,Москва,7313,Анна,Волкова,11,Хлеб ржаной,2,40,refunded
284,a4b1bc3ce95c133a2fba7a84f6175435,2025-06-17T00:00:00,1,Ростов,6009,Алексей,Иванов,0,Молоко 1%,3,300,shipped
285,f11b93f2f934aaafd7161b1f51d5e335,2025-06-17T00:00:00,1,Ростов,6704,Алексей,Соколов,7,Средство для мытья посуды,3,600,shipped
286,e7fbff7cb88747562950df864d65cfbc,2025-06-17T00:00:00,0,Москва,4719,Екатерина,Павлова,6,Яблоко,1,140,shipped
287,41db7c88e7be4655b32d81df7df18797,2025-06-17T00:00:00,1,Ростов,3718,Светлана,Павлова,7,Средство для мытья посуды,1,200,shipped
288,0f7a78cc509877e31b4ea29fa7fc4f22,2025-06-17T00:00:00,0,Москва,6508,Алексей,Попов,10,Томаты,4,200,shipped
289,fef4ee0b8f9880ddee6da10249b7c345,2025-06-17T00:00:00,2,Ярославль,219,Александра,Морозова,11,Хлеб ржаной,4,80,shipped
290,992752cfc33b0fa524337184550e3c55,2025-06-17T00:00:00,0,Москва,3719,Светлана,Павлова,9,Ручка шариковая,3,135,shipped
291,720e05a3e23230972fdd8f99fbb23243,2025-06-17T00:00:00,2,Ярославль,7916,Анна,Орлова,9,Ручка шариковая,3,135,shipped
292,8efd8ea0d38929b9609eea73f204f2e8,2025-06-17T00:00:00,0,Москва,2500,Петр,Попов,10,Томаты,4,200,shipped
293,0caa681df5707a068179662f1e8540d9,2025-06-17T00:00:00,2,Ярославль,112,Александра,Федорова,7,Средство для мытья посуды,1,200,shipped
294,93b68f6f02b5022a77b866c8b7689e67,2025-06-17T00:00:00,1,Ростов,6319,Елизавета,Волкова,4,Сахар песок,2,100,shipped
295,bc13aab12f00a68f6f5482cb51a5745a,2025-06-17T00:00:00,0,Москва,4214,Екатерина,Морозова,1,Молоко 3%,1,120,shipped
296,1cc50ea02fac00301d881976b14b2af2,2025-06-17T00:00:00,0,Москва,8515,Снежанна,Лебедева,7,Средство для мытья посуды,3,600,shipped
297,14e779d56a957180b66167ae2d19e9d9,2025-06-17T00:00:00,1,Ростов,4007,Сергей,Иванов,1,Молоко 3%,4,480,shipped
298,7f93998b39f5869bdd48fd987b4b6ffb,2025-06-17T00:00:00,0,Москва,7505,Константин,Попов,10,Томаты,4,200,shipped
299,db0de090723364f610cc5c7fd0466251,2025-06-17T00:00:00,1,Ростов,6618,Елизавета,Егорова,4,Сахар песок,3,150,shipped
300,cb15cf067856c9992c5d1a308a0d4aca,2025-06-17T00:00:00,0,Москва,9407,Эдуард,Кузнецов,11,Хлеб ржаной,3,60,shipped
301,a7d42c97f94854fc191b492b9db29496,2025-06-17T00:00:00,0,Москва,3901,Олег,Новиков,7,Средство для мытья посуды,1,200,shipped
302,20fb09b551616f00dea7965c78c30af4,2025-06-17T00:00:00,0,Москва,1908,Евгений,Новиков,3,Устройство для нагревания табака Трубка Мира,3,1500,shipped
303,7edca30733344153d883bc823770d31e,2025-06-17T00:00:00,0,Москва,3000,Олег,Иванов,4,Сахар песок,4,200,shipped
304,63d1fed10e1a83c2c8d77c431805941e,2025-06-17T00:00:00,1,Ростов,7005,Константин,Иванов,9,Ручка шариковая,3,135,shipped
305,82ed0b4e7339630960efbb7e54ddeed6,2025-06-17T00:00:00,1,Ростов,3617,Светлана,Егорова,5,Яблоко молодильное,4,1600,shipped
306,37c97db9a02a5ac55ac63e846bc5f15f,2025-06-17T00:00:00,2,Ярославль,3111,Светлана,Федорова,2,Молоко 5%,3,450,shipped
307,8a508cc05c71e41c154f813a4dfa8f3f,2025-06-17T00:00:00,0,Москва,3003,Олег,Иванов,0,Молоко 1%,4,400,shipped
308,8e3a01f1223d2fdee75cc9321ce08da7,2025-06-17T00:00:00,1,Ростов,919,Александра,Орлова,10,Томаты,1,50,refunded
309,4b2eac7e2b3240eaaafa8c0ef44871ab,2025-06-17T00:00:00,2,Ярославль,5604,Александр,Васильев,10,Томаты,2,100,shipped
310,b837ca24ce27fd9000fedf63f3a6c70b,2025-06-17T00:00:00,2,Ярославль,7008,Константин,Иванов,6,Яблоко,5,700,shipped
311,720c44677983c6a3ae2f9a5afcf1038b,2025-06-17T00:00:00,1,Ростов,3516,Светлана,Лебедева,2,Молоко 5%,3,450,shipped
312,b9fa70ac6d1f79c4246802b1f19541af,2025-06-17T00:00:00,2,Ярославль,2900,Петр,Новиков,3,Устройство для нагревания табака Трубка Мира,1,500,shipped
313,46e4b57cbece8f118f6ab9fea532e592,2025-06-17T00:00:00,2,Ярославль,1618,Евгения,Егорова,3,Устройство для нагревания табака Трубка Мира,1,500,shipped
314,5897823816aee2c84e8d7236ae0024fe,2025-06-17T00:00:00,1,Ростов,1703,Евгений,Соколов,5,Яблоко молодильное,1,400,shipped
315,61edb95fe7bf7e99f23ee27c1b80ce13,2025-06-17T00:00:00,1,Ростов,3211,Светлана,Морозова,7,Средство для мытья посуды,1,200,shipped
316,686ade18f51e391cb5eb4b06e8b34cbd,2025-06-17T00:00:00,0,Москва,5201,Александр,Сидоров,0,Молоко 1%,2,200,shipped
317,e6151bdbd6f86a6702b14e130ef28137,2025-06-17T00:00:00,0,Москва,2515,Ольга,Лебедева,2,Молоко 5%,3,450,refunded
318,2721d6446efe1c35b0b8e9cf9ef02d2b,2025-06-17T00:00:00,0,Москва,8818,Снежанна,Козлова,11,Хлеб ржаной,5,100,shipped
319,3eb1e737037014b33a4091695e657e0b,2025-06-17T00:00:00,1,Ростов,705,Иван,Соколов,10,Томаты,5,250,shipped
320,0ee3fa047296bcfdae738864290acd92,2025-06-17T00:00:00,1,Ростов,7400,Константин,Кузнецов,1,Молоко 3%,2,240,shipped
321,40ba725d54568e903287d421b9516c6e,2025-06-17T00:00:00,0,Москва,4010,Екатерина,Великая,2,Молоко 5%,5,750,shipped
322,add95c9968df8794a34f37d7f6644046,2025-06-17T00:00:00,0,Москва,2409,Петр,Кузнецов,0,Молоко 1%,5,500,shipped
323,01b68be1d977bb63efd5790b70a127b9,2025-06-17T00:00:00,1,Ростов,4115,Екатерина,Федорова,5,Яблоко молодильное,3,1200,shipped
324,6d185256c24c305c56fba1fd110f6dff,2025-06-17T00:00:00,1,Ростов,4106,Сергей,Петров,6,Яблоко,3,420,shipped
325,ce970f6c18cd038cebcc8cb1a59a243c,2025-06-17T00:00:00,1,Ростов,6819,Елизавета,Козлова,4,Сахар песок,1,50,shipped
326,5f265bfce57a35393e8756e08e3fe066,2025-06-17T00:00:00,2,Ярославль,9016,Надежда,Великая,1,Молоко 3%,2,240,shipped
327,9e1a9ef42ab60899b096417e7fcecc56,2025-06-17T00:00:00,1,Ростов,5614,Оксана,Егорова,1,Молоко 3%,3,360,shipped
328,82db7c6a868aabf296b4d55d32eefaf4,2025-06-17T00:00:00,1,Ростов,6619,Елизавета,Егорова,9,Ручка шариковая,5,225,shipped
329,3155fbefd20573cfe2a9863f572c306a,2025-06-17T00:00:00,2,Ярославль,4607,Сергей,Васильев,0,Молоко 1%,4,400,shipped
330,8055366459381fa267d0a3a4e8804dff,2025-06-17T00:00:00,2,Ярославль,216,Александра,Морозова,2,Молоко 5%,4,600,shipped
331,99f92dc2bae3655dd51e47c271c8b7fb,2025-06-17T00:00:00,2,Ярославль,713,Александра,Павлова,0,Молоко 1%,5,500,shipped
332,85616d9d0c23a9ea838fd5ee790cd8b6,2025-06-17T00:00:00,1,Ростов,1303,Евгений,Смирнов,7,Средство для мытья посуды,3,600,shipped
333,fead3a098d8e9530f10286a9fc1f1923,2025-06-17T00:00:00,0,Москва,314,Александра,Волкова,6,Яблоко,3,420,shipped
334,d860521cd2a6b618366e69ebb1997737,2025-06-17T00:00:00,0,Москва,7215,Анна,Морозова,0,Молоко 1%,1,100,shipped
335,68ad2aa05515eeb24f7459fe9ec11a29,2025-06-17T00:00:00,0,Москва,4510,Екатерина,Лебедева,4,Сахар песок,4,200,shipped
336,4138708604767e40a16de9ce100c2b0c,2025-06-17T00:00:00,2,Ярославль,7710,Анна,Павлова,9,Ручка шариковая,1,45,shipped
337,2ba9c5db81484316e97ca284994eac63,2025-06-17T00:00:00,2,Ярославль,9806,Эдуард,Михайлов,6,Яблоко,5,700,shipped
338,e967f3e6fa2f241310e7647dbf70feb6,2025-06-17T00:00:00,2,Ярославль,2708,Петр,Соколов,10,Томаты,4,200,shipped
339,eeec51c189ca71a209078ca334d01654,2025-06-17T00:00:00,1,Ростов,9618,Надежда,Егорова,8,Лампочка LED,4,1200,shipped
340,70b947094e91e370c1dcb357146c6634,2025-06-17T00:00:00,1,Ростов,7613,Анна,Егорова,0,Молоко 1%,4,400,shipped
341,225b8827509a36c33781d9d66c41d4ba,2025-06-17T00:00:00,2,Ярославль,1403,Евгений,Кузнецов,4,Сахар песок,1,50,shipped
342,e44e657f55e79a56b1ec1f37461c8cd6,2025-06-17T00:00:00,0,Москва,2505,Петр,Попов,2,Молоко 5%,4,600,shipped
343,657614162664144d50c11a561208446f,2025-06-17T00:00:00,0,Москва,7909,Константин,Новиков,3,Устройство для нагревания табака Трубка Мира,3,1500,shipped
344,d733edcf1af96044555052c151e7decb,2025-06-17T00:00:00,0,Москва,9201,Эдуард,Сидоров,10,Томаты,5,250,shipped
345,60a5015dbcfe0767e7ba6e195defb92d,2025-06-17T00:00:00,1,Ростов,1809,Евгений,Михайлов,3,Устройство для нагревания табака Трубка Мира,2,1000,shipped
346,9e359b95743bd73c66f7eb65f29835df,2025-06-17T00:00:00,1,Ростов,5804,Александр,Михайлов,11,Хлеб ржаной,4,80,shipped
347,04659c9f1b12713d30c9557bd6b90672,2025-06-17T00:00:00,1,Ростов,2112,Ольга,Федорова,9,Ручка шариковая,1,45,shipped
348,982abeaca5123149cae0898b9b56e08b,2025-06-17T00:00:00,0,Москва,5704,Александр,Соколов,6,Яблоко,5,700,shipped
349,13d00c827ccf38f9f90c38d20d352a6f,2025-06-17T00:00:00,1,Ростов,1215,Евгения,Морозова,10,Томаты,1,50,shipped
350,ecdc9306277abf40811bc3291a3ded22,2025-06-17T00:00:00,0,Москва,5214,Оксана,Морозова,10,Томаты,5,250,shipped
351,2038e6d630868ca0e54426051b10337f,2025-06-17T00:00:00,0,Москва,4814,Екатерина,Козлова,11,Хлеб ржаной,4,80,shipped
352,1899620356c64b0fc3280868e885925c,2025-06-17T00:00:00,0,Москва,3607,Олег,Васильев,7,Средство для мытья посуды,5,1000,shipped
353,16b20111815837a4c366e6460ff65931,2025-06-17T00:00:00,1,Ростов,8413,Снежанна,Алексеева,3,Устройство для нагревания табака Трубка Мира,3,1500,refunded
354,1f14a42a8d7e7ffa88fad54357ef260c,2025-06-17T00:00:00,2,Ярославль,8315,Снежанна,Волкова,3,Устройство для нагревания табака Трубка Мира,4,2000,shipped
355,807df47b4718e212ec898d327f2b11ba,2025-06-17T00:00:00,2,Ярославль,6417,Елизавета,Алексеева,2,Молоко 5%,3,450,shipped
356,44663826f04e64887ab92e6e33669490,2025-06-17T00:00:00,1,Ростов,4006,Сергей,Иванов,1,Молоко 3%,4,480,shipped
357,1dd3e82f77253325dbb20e03a1fca9d8,2025-06-17T00:00:00,1,Ростов,2807,Петр,Михайлов,4,Сахар песок,2,100,shipped
358,9cc150c92c217405089baa3006469c0d,2025-06-17T00:00:00,0,Москва,7903,Константин,Новиков,2,Молоко 5%,1,150,shipped
359,d06f7f72ca480a0f6fff3e5ec8e20223,2025-06-17T00:00:00,2,Ярославль,5603,Александр,Васильев,11,Хлеб ржаной,5,100,shipped
360,1b39a289d7ce845ecc8a257e11268a56,2025-06-17T00:00:00,1,Ростов,9610,Надежда,Егорова,11,Хлеб ржаной,4,80,shipped
361,98ae46b2cbb46500abecc2bd0d79c687,2025-06-17T00:00:00,1,Ростов,1707,Евгений,Соколов,7,Средство для мытья посуды,2,400,shipped
362,33818b73b721a64aeb49e2c31d33b680,2025-06-17T00:00:00,2,Ярославль,9410,Надежда,Алексеева,0,Молоко 1%,3,300,shipped
363,5ba71fd39d9e3bd5df2894c187000101,2025-06-17T00:00:00,1,Ростов,8515,Снежанна,Лебедева,7,Средство для мытья посуды,3,600,shipped
364,14e779d56a957180b66167ae2d19e9d9,2025-06-17T00:00:00,1,Ростов,4007,Сергей,Иванов,1,Молоко 3%,4,480,shipped
365,7f93998b39f5869bdd48fd987b4b6ffb,2025-06-17T00:00:00,0,Москва,7505,Константин,Попов,10,Томаты,4,200,shipped
366,db0de090723364f610cc5c7fd0466251,2025-06-17T00:00:00,1,Ростов,6618,Елизавета,Егорова,4,Сахар песок,3,150,shipped
367,cb15cf067856c9992c5d1a308a0d4aca,2025-06-17T00:00:00,0,Москва,9407,Эдуард,Кузнецов,11,Хлеб ржаной,3,60,shipped
368,a7d42c97f94854fc191b492b9db29496,2025-06-17T00:00:00,0,Москва,3901,Олег,Новиков,7,Средство для мытья посуды,1,200,shipped
369,20fb09b551616f00dea7965c78c30af4,2025-06-17T00:00:00,0,Москва,1908,Евгений,Новиков,3,Устройство для нагревания табака Трубка Мира,3,1500,shipped
370,7edca30733344153d883bc823770d31e,2025-06-17T00:00:00,0,Москва,3000,Олег,Иванов,4,Сахар песок,4,200,shipped
371,63d1fed10e1a83c2c8d77c431805941e,2025-06-17T00:00:00,1,Ростов,7005,Константин,Иванов,9,Ручка шариковая,3,135,shipped
372,82ed0b4e7339630960efbb7e54ddeed6,2025-06-17T00:00:00,1,Ростов,3617,Светлана,Егорова,5,Яблоко молодильное,4,1600,shipped
373,37c97db9a02a5ac55ac63e846bc5f15f,2025-06-17T00:00:00,2,Ярославль,3111,Светлана,Федорова,2,Молоко 5%,3,450,shipped
374,8a508cc05c71e41c154f813a4dfa8f3f,2025-06-17T00:00:00,0,Москва,3003,Олег,Иванов,0,Молоко 1%,4,400,shipped
375,8e3a01f1223d2fdee75cc9321ce08da7,2025-06-17T00:00:00,1,Ростов,919,Александра,Орлова,10,Томаты,1,50,refunded
376,4b2eac7e2b3240eaaafa8c0ef44871ab,2025-06-17T00:00:00,2,Ярославль,5604,Александр,Васильев,10,Томаты,2,100,shipped
377,b837ca24ce27fd9000fedf63f3a6c70b,2025-06-17T00:00:00,2,Ярославль,7008,Константин,Иванов,6,Яблоко,5,700,shipped
378,720c44677983c6a3ae2f9a5afcf1038b,2025-06-17T00:00:00,1,Ростов,3516,Светлана,Лебедева,2,Молоко 5%,3,450,shipped
379,b9fa70ac6d1f79c4246802b1f19541af,2025-06-17T00:00:00,2,Ярославль,2900,Петр,Новиков,3,Устройство для нагревания табака Трубка Мира,1,500,shipped
380,46e4b57cbece8f118f6ab9fea532e592,2025-06-17T00:00:00,2,Ярославль,1618,Евгения,Егорова,3,Устройство для нагревания табака Трубка Мира,1,500,shipped
381,5897823816aee2c84e8d7236ae0024fe,2025-06-17T00:00:00,1,Ростов,1703,Евгений,Соколов,5,Яблоко молодильное,1,400,shipped
382,61edb95fe7bf7e99f23ee27c1b80ce13,2025-06-17T00:00:00,1,Ростов,3211,Светлана,Морозова,7,Средство для мытья посуды,1,200,shipped
383,686ade18f51e391cb5eb4b06e8b34cbd,2025-06-17T00:00:00,0,Москва,5201,Александр,Сидоров,0,Молоко 1%,2,200,shipped
384,e6151bdbd6f86a6702b14e130ef28137,2025-06-17T00:00:00,0,Москва,2515,Ольга,Лебедева,2,Молоко 5%,3,450,refunded
385,2721d6446efe1c35b0b8e9cf9ef02d2b,2025-06-17T00:00:00,0,Москва,8818,Снежанна,Козлова,11,Хлеб ржаной,5,100,shipped
386,3eb1e737037014b33a4091695e657e0b,2025-06-17T00:00:00,1,Ростов,705,Иван,Соколов,10,Томаты,5,250,shipped
387,0ee3fa047296bcfdae738864290acd92,2025-06-17T00:00:00,1,Ростов,7400,Константин,Кузнецов,1,Молоко 3%,2,240,shipped
388,40ba725d54568e903287d421b9516c6e,2025-06-17T00:00:00,0,Москва,4010,Екатерина,Великая,2,Молоко 5%,5,750,shipped
389,add95c9968df8794a34f37d7f6644046,2025-06-17T00:00:00,0,Москва,2409,Петр,Кузнецов,0,Молоко 1%,5,500,shipped
390,01b68be1d977bb63efd5790b70a127b9,2025-06-17T00:00:00,1,Ростов,4115,Екатерина,Федорова,5,Яблоко молодильное,3,1200,shipped
391,6d185256c24c305c56fba1fd110f6dff,2025-06-17T00:00:00,1,Ростов,4106,Сергей,Петров,6,Яблоко,3,420,shipped
392,ce970f6c18cd038cebcc8cb1a59a243c,2025-06-17T00:00:00,1,Ростов,6819,Елизавета,Козлова,4,Сахар песок,1,50,shipped
393,5f265bfce57a35393e8756e08e3fe066,2025-06-17T00:00:00,2,Ярославль,9016,Надежда,Великая,1,Молоко 3%,2,240,shipped
394,9e1a9ef42ab60899b096417e7fcecc56,2025-06-17T00:00:00,1,Ростов,5614,Оксана,Егорова,1,Молоко 3%,3,360,shipped
395,82db7c6a868aabf296b4d55d32eefaf4,2025-06-17T00:00:00,1,Ростов,6619,Елизавета,Егорова,9,Ручка шариковая,5,225,shipped
396,3155fbefd20573cfe2a9863f572c306a,2025-06-17T00:00:00,2,Ярославль,4607,Сергей,Васильев,0,Молоко 1%,4,400,shipped
397,8055366459381fa267d0a3a4e8804dff,2025-06-17T00:00:00,2,Ярославль,216,Александра,Морозова,2,Молоко 5%,4,600,shipped
398,99f92dc2bae3655dd51e47c271c8b7fb,2025-06-17T00:00:00,2,Ярославль,713,Александра,Павлова,0,Молоко 1%,5,500,shipped
399,85616d9d0c23a9ea838fd5ee790cd8b6,2025-06-17T00:00:00,1,Ростов,1303,Евгений,Смирнов,7,Средство для мытья посуды,3,600,shipped
400,fead3a098d8e9530f10286a9fc1f1923,2025-06-17T00:00:00,0,Москва,314,Александра,Волкова,6,Яблоко,3,420,shipped
401,d860521cd2a6b618366e69ebb1997737,2025-06-17T00:00:00,0,Москва,7215,Анна,Морозова,0,Молоко 1%,1,100,shipped
402,68ad2aa05515eeb24f7459fe9ec11a29,2025-06-17T00:00:00,0,Москва,4510,Екатерина,Лебедева,4,Сахар песок,4,200,shipped
403,4138708604767e40a16de9ce100c2b0c,2025-06-17T00:00:00,2,Ярославль,7710,Анна,Павлова,9,Ручка шариковая,1,45,shipped
404,2ba9c5db81484316e97ca284994eac63,2025-06-17T00:00:00,2,Ярославль,9806,Эдуард,Михайлов,6,Яблоко,5,700,shipped
405,e967f3e6fa2f241310e7647dbf70feb6,2025-06-17T00:00:00,2,Ярославль,2708,Петр,Соколов,10,Томаты,4,200,shipped
406,eeec51c189ca71a209078ca334d01654,2025-06-17T00:00:00,1,Ростов,9618,Надежда,Егорова,8,Лампочка LED,4,1200,shipped
407,70b947094e91e370c1dcb357146c6634,2025-06-17T00:00:00,1,Ростов,7613,Анна,Егорова,0,Молоко 1%,4,400,shipped
408,225b8827509a36c33781d9d66c41d4ba,2025-06-17T00:00:00,2,Ярославль,1403,Евгений,Кузнецов,4,Сахар песок,1,50,shipped
409,e44e657f55e79a56b1ec1f37461c8cd6,2025-06-17T00:00:00,0,Москва,2505,Петр,Попов,2,Молоко 5%,4,600,shipped
410,657614162664144d50c11a561208446f,2025-06-17T00:00:00,0,Москва,7909,Константин,Новиков,3,Устройство для нагревания табака Трубка Мира,3,1500,shipped
411,d733edcf1af96044555052c151e7decb,2025-06-17T00:00:00,0,Москва,9201,Эдуард,Сидоров,10,Томаты,5,250,shipped
412,60a5015dbcfe0767e7ba6e195defb92d,2025-06-17T00:00:00,1,Ростов,1809,Евгений,Михайлов,3,Устройство для нагревания табака Трубка Мира,2,1000,shipped
413,9e359b95743bd73c66f7eb65f29835df,2025-06-17T00:00:00,1,Ростов,5804,Александр,Михайлов,11,Хлеб ржаной,4,80,shipped
414,04659c9f1b12713d30c9557bd6b90672,2025-06-17T00:00:00,1,Ростов,2112,Ольга,Федорова,9,Ручка шариковая,1,45,shipped
415,982abeaca5123149cae0898b9b56e08b,2025-06-17T00:00:00,0,Москва,5704,Александр,Соколов,6,Яблоко,5,700,shipped
416,13d00c827ccf38f9f90c38d20d352a6f,2025-06-17T00:00:00,1,Ростов,1215,Евгения,Морозова,10,Томаты,1,50,shipped
417,ecdc9306277abf40811bc3291a3ded22,2025-06-17T00:00:00,0,Москва,5214,Оксана,Морозова,10,Томаты,5,250,shipped
418,2038e6d630868ca0e54426051b10337f,2025-06-17T00:00:00,0,Москва,4814,Екатерина,Козлова,11,Хлеб ржаной,4,80,shipped
419,1899620356c64b0fc3280868e885925c,2025-06-17T00:00:00,0,Москва,3607,Олег,Васильев,7,Средство для мытья посуды,5,1000,shipped
420,16b20111815837a4c366e6460ff65931,2025-06-17T00:00:00,1,Ростов,8413,Снежанна,Алексеева,3,Устройство для нагревания табака Трубка Мира,3,1500,refunded
421,1f14a42a8d7e7ffa88fad54357ef260c,2025-06-17T00:00:00,2,Ярославль,8315,Снежанна,Волкова,3,Устройство для нагревания табака Трубка Мира,4,2000,shipped
422,807df47b4718e212ec898d327f2b11ba,2025-06-17T00:00:00,2,Ярославль,6417,Елизавета,Алексеева,2,Молоко 5%,3,450,shipped
423,44663826f04e64887ab92e6e33669490,2025-06-17T00:00:00,1,Ростов,4006,Сергей,Иванов,1,Молоко 3%,4,480,shipped
424,1dd3e82f77253325dbb20e03a1fca9d8,2025-06-17T00:00:00,1,Ростов,2807,Петр,Михайлов,4,Сахар песок,2,100,shipped
425,9cc150c92c217405089baa3006469c0d,2025-06-17T00:00:00,0,Москва,7903,Константин,Новиков,2,Молоко 5%,1,150,shipped
426,d06f7f72ca480a0f6fff3e5ec8e20223,2025-06-17T00:00:00,2,Ярославль,5603,Александр,Васильев,11,Хлеб ржаной,5,100,shipped
427,1b39a289d7ce845ecc8a257e11268a56,2025-06-17T00:00:00,1,Ростов,9610,Надежда,Егорова,11,Хлеб ржаной,4,80,shipped
428,98ae46b2cbb46500abecc2bd0d79c687,2025-06-17T00:00:00,1,Ростов,1707,Евгений,Соколов,7,Средство для мытья посуды,2,400,shipped
429,33818b73b721a64aeb49e2c31d33b680,2025-06-17T00:00:00,2,Ярославль,9410,Надежда,Алексеева,0,Молоко 1%,3,300,shipped
430,5ba71fd39d9e3bd5df2894c187000101,2025-06-17T00:00:00,1,Ростов,8515,Снежанна,Лебедева,7,Средство для мытья посуды,3,600,shipped
431,14e779d56a957180b66167ae2d19e9d9,2025-06-17T00:00:00,1,Ростов,4007,Сергей,Иванов,1,Молоко 3%,4,480,shipped
432,7f93998b39f5869bdd48fd987b4b6ffb,2025-06-17T00:00:00,0,Москва,7505,Константин,Попов,10,Томаты,4,200,shipped
433,db0de090723364f610cc5c7fd0466251,2025-06-17T00:00:00,1,Ростов,6618,Елизавета,Егорова,4,Сахар песок,3,150,shipped
434,cb15cf067856c9992c5d1a308a0d4aca,2025-06-17T00:00:00,0,Москва,9407,Эдуард,Кузнецов,11,Хлеб ржаной,3,60,shipped
435,a7d42c97f94854fc191b492b9db29496,2025-06-17T00:00:00,0,Москва,3901,Олег,Новиков,7,Средство для мытья посуды,1,200,shipped
436,20fb09b551616f00dea7965c78c30af4,2025-06-17T00:00:00,0,Москва,1908,Евгений,Новиков,3,Устройство для нагревания табака Трубка Мира,3,1500,shipped
437,7edca30733344153d883bc823770d31e,2025-06-17T00:00:00,0,Москва,3000,Олег,Иванов,4,Сахар песок,4,200,shipped
438,63d1fed10e1a83c2c8d77c431805941e,2025-06-17T00:00:00,1,Ростов,7005,Константин,Иванов,9,Ручка шариковая,3,135,shipped
439,82ed0b4e7339630960efbb7e54ddeed6,2025-06-17T00:00:00,1,Ростов,3617,Светлана,Егорова,5,Яблоко молодильное,4,1600,shipped
440,37c97db9a02a5ac55ac63e846bc5f15f,2025-06-17T00:00:00,2,Ярославль,3111,Светлана,Федорова,2,Молоко 5%,3,450,shipped
441,8a508cc05c71e41c154f813a4dfa8f3f,2025-06-17T00:00:00,0,Москва,3003,Олег,Иванов,0,Молоко 1%,4,400,shipped
442,8e3a01f1223d2fdee75cc9321ce08da7,2025-06-17T00:00:00,1,Ростов,919,Александра,Орлова,10,Томаты,1,50,refunded
443,4b2eac7e2b3240eaaafa8c0ef44871ab,2025-06-17T00:00:00,2,Ярославль,5604,Александр,Васильев,10,Томаты,2,100,shipped
444,b837ca24ce27fd9000fedf63f3a6c70b,2025-06-17T00:00:00,2,Ярославль,7008,Константин,Иванов,6,Яблоко,5,700,shipped
445,720c44677983c6a3ae2f9a5afcf1038b,2025-06-17T00:00:00,1,Ростов,3516,Светлана,Лебедева,2,Молоко 5%,3,450,shipped
446,b9fa70ac6d1f79c4246802b1f19541af,2025-06-17T00:00:00,2,Ярославль,2900,Петр,Новиков,3,Устройство для нагревания табака Трубка Мира,1,500,shipped
447,46e4b57cbece8f118f6ab9fea532e592,2025-06-17T00:00:00,2,Ярославль,1618,Евгения,Егорова,3,Устройство для нагревания табака Трубка Мира,1,500,shipped
448,5897823816aee2c84e8d7236ae0024fe,2025-06-17T00:00:00,1,Ростов,1703,Евгений,Соколов,5,Яблоко молодильное,1,400,shipped
449,61edb95fe7bf7e99f23ee27c1b80ce13,2025-06-17T00:00:00,1,Ростов,3211,Светлана,Морозова,7,Средство для мытья посуды,1,200,shipped
450,686ade18f51e391cb5eb4b06e8b34cbd,2025-06-17T00:00:00,0,Москва,5201,Александр,Сидоров,0,Молоко 1%,2,200,shipped
451,e6151bdbd6f86a6702b14e130ef28137,2025-06-17T00:00:00,0,Москва,2515,Ольга,Лебедева,2,Молоко 5%,3,450,refunded
452,2721d6446efe1c35b0b8e9cf9ef02d2b,2025-06-17T00:00:00,0,Москва,8818,Снежанна,Козлова,11,Хлеб ржаной,5,100,shipped
453,3eb1e737037014b33a4091695e657e0b,2025-06-17T00:00:00,1,Ростов,705,Иван,Соколов,10,Томаты,5,250,shipped
454,0ee3fa047296bcfdae738864290acd92,2025-06-17T00:00:00,1,Ростов,7400,Константин,Кузнецов,1,Молоко 3%,2,240,shipped
455,40ba725d54568e903287d421b9516c6e,2025-06-17T00:00:00,0,Москва,4010,Екатерина,Великая,2,Молоко 5%,5,750,shipped
456,add95c9968df8794a34f37d7f6644046,2025-06-17T00:00:00,0,Москва,2409,Петр,Кузнецов,0,Молоко 1%,5,500,shipped
457,01b68be1d977bb63efd5790b70a127b9,2025-06-17T00:00:00,1,Ростов,4115,Екатерина,Федорова,5,Яблоко молодильное,3,1200,shipped
458,6d185256c24c305c56fba1fd110f6dff,2025-06-17T00:00:00,1,Ростов,4106,Сергей,Петров,6,Яблоко,3,420,shipped
459,ce970f6c18cd038cebcc8cb1a59a243c,2025-06-17T00:00:00,1,Ростов,6819,Елизавета,Козлова,4,Сахар песок,1,50,shipped
460,5f265bfce57a35393e8756e08e3fe066,2025-06-17T00:00:00,2,Ярославль,9016,Надежда,Великая,1,Молоко 3%,2,240,shipped
461,9e1a9ef42ab60899b096417e7fcecc56,2025-06-17T00:00:00,1,Ростов,5614,Оксана,Егорова,1,Молоко 3%,3,360,shipped
462,82db7c6a868aabf296b4d55d32eefaf4,2025-06-17T00:00:00,1,Ростов,6619,Елизавета,Егорова,9,Ручка шариковая,5,225,shipped
463,3155fbefd20573cfe2a9863f572c306a,2025-06-17T00:00:00,2,Ярославль,4607,Сергей,Васильев,0,Молоко 1%,4,400,shipped
464,8055366459381fa267d0a3a4e8804dff,2025-06-17T00:00:00,2,Ярославль,216,Александра,Морозова,2,Молоко 5%,4,600,shipped
465,99f92dc2bae3655dd51e47c271c8b7fb,2025-06-17T00:00:00,2,Ярославль,713,Александра,Павлова,0,Молоко 1%,5,500,shipped
466,85616d9d0c23a9ea838fd5ee790cd8b6,2025-06-17T00:00:00,1,Ростов,1303,Евгений,Смирнов,7,Средство для мытья посуды,3,600,shipped
467,fead3a098d8e9530f10286a9fc1f1923,2025-06-17T00:00:00,0,Москва,314,Александра,Волкова,6,Яблоко,3,420,shipped
468,d860521cd2a6b618366e69ebb1997737,2025-06-17T00:00:00,0,Москва,7215,Анна,Морозова,0,Молоко 1%,1,100,shipped
469,68ad2aa05515eeb24f7459fe9ec11a29,2025-06-17T00:00:00,0,Москва,4510,Екатерина,Лебедева,4,Сахар песок,4,200,shipped
470,4138708604767e40a16de9ce100c2b0c,2025-06-17T00:00:00,2,Ярославль,7710,Анна,Павлова,9,Ручка шариковая,1,45,shipped
471,2ba9c5db81484316e97ca284994eac63,2025-06-17T00:00:00,2,Ярославль,9806,Эдуард,Михайлов,6,Яблоко,5,700,shipped
472,e967f3e6fa2f241310e7647dbf70feb6,2025-06-17T00:00:00,2,Ярославль,2708,Петр,Соколов,10,Томаты,4,200,shipped
473,eeec51c189ca71a209078ca334d01654,2025-06-17T00:00:00,1,Ростов,9618,Надежда,Егорова,8,Лампочка LED,4,1200,shipped
474,70b947094e91e370c1dcb357146c6634,2025-06-17T00:00:00,1,Ростов,7613,Анна,Егорова,0,Молоко 1%,4,400,shipped
475,225b8827509a36c33781d9d66c41d4ba,2025-06-17T00:00:00,2,Ярославль,1403,Евгений,Кузнецов,4,Сахар песок,1,50,shipped
476,e44e657f55e79a56b1ec1f37461c8cd6,2025-06-17T00:00:00,0,Москва,2505,Петр,Попов,2,Молоко 5%,4,600,shipped
477,657614162664144d50c11a561208446f,2025-06-17T00:00:00,0,Москва,7909,Константин,Новиков,3,Устройство для нагревания табака Трубка Мира,3,1500,shipped
478,d733edcf1af96044555052c151e7decb,2025-06-17T00:00:00,0,Москва,9201,Эдуард,Сидоров,10,Томаты,5,250,shipped
479,60a5015dbcfe0767e7ba6e195defb92d,2025-06-17T00:00:00,1,Ростов,1809,Евгений,Михайлов,3,Устройство для нагревания табака Трубка Мира,2,1000,shipped
480,9e359b95743bd73c66f7eb65f29835df,2025-06-17T00:00:00,1,Ростов,5804,Александр,Михайлов,11,Хлеб ржаной,4,80,shipped
481,04659c9f1b12713d30c9557bd6b90672,2025-06-17T00:00:00,1,Ростов,2112,Ольга,Федорова,9,Ручка шариковая,1,45,shipped
482,982abeaca5123149cae0898b9b56e08b,2025-06-17T00:00:00,0,Москва,5704,Александр,Соколов,6,Яблоко,5,700,shipped
483,13d00c827ccf38f9f90c38d20d352a6f,2025-06-17T00:00:00,1,Ростов,1215,Евгения,Морозова,10,Томаты,1,50,shipped
484,ecdc9306277abf40811bc3291a3ded22,2025-06-17T00:00:00,0,Москва,5214,Оксана,Морозова,10,Томаты,5,250,shipped
485,2038e6d630868ca0e54426051b10337f,2025-06-17T00:00:00,0,Москва,4814,Екатерина,Козлова,11,Хлеб ржаной,4,80,shipped
486,1899620356c64b0fc3280868e885925c,2025-06-17T00:00:00,0,Москва,3607,Олег,Васильев,7,Средство для мытья посуды,5,1000,shipped
487,16b20111815837a4c366e6460ff65931,2025-06-17T00:00:00,1,Ростов,8413,Снежанна,Алексеева,3,Устройство для нагревания табака Трубка Мира,3,1500,refunded
488,1f14a42a8d7e7ffa88fad54357ef260c,2025-06-17T00:00:00,2,Ярославль,8315,Снежанна,Волкова,3,Устройство для нагревания табака Трубка Мира,4,2000,shipped
489,807df47b4718e212ec898d327f2b11ba,2025-06-17T00:00:00,2,Ярославль,6417,Елизавета,Алексеева,2,Молоко 5%,3,450,shipped
490,44663826f04e64887ab92e6e33669490,2025-06-17T00:00:00,1,Ростов,4006,Сергей,Иванов,1,Молоко 3%,4,480,shipped
491,1dd3e82f77253325dbb20e03a1fca9d8,2025-06-17T00:00:00,1,Ростов,2807,Петр,Михайлов,4,Сахар песок,2,100,shipped
492,9cc150c92c217405089baa3006469c0d,2025-06-17T00:00:00,0,Москва,7903,Константин,Новиков,2,Молоко 5%,1,150,shipped
493,d06f7f72ca480a0f6fff3e5ec8e20223,2025-06-17T00:00:00,2,Ярославль,5603,Александр,Васильев,11,Хлеб ржаной,5,100,shipped
494,1b39a289d7ce845ecc8a257e11268a56,2025-06-17T00:00:00,1,Ростов,9610,Надежда,Егорова,11,Хлеб ржаной,4,80,shipped
495,98ae46b2cbb46500abecc2bd0d79c687,2025-06-17T00:00:00,1,Ростов,1707,Евгений,Соколов,7,Средство для мытья посуды,2,400,shipped
496,33818b73b721a64aeb49e2c31d33b680,2025-06-17T00:00:00,2,Ярославль,9410,Надежда,Алексеева,0,Молоко 1%,3,300,shipped
497,5ba71fd39d9e3bd5df2894c187000101,2025-06-17T00:00:00,1,Ростов,8515,Снежанна,Лебедева,7,Средство для мытья посуды,3,600,shipped
498,14e779d56a957180b66167ae2d19e9d9,2025-06-17T00:00:00,1,Ростов,4007,Сергей,Иванов,1,Молоко 3%,4,480,shipped
499,7f93998b39f5869bdd48fd987b4b6ffb,2025-06-17T00:00:00,0,Москва,7505,Константин,Попов,10,Томаты,4,200,shipped
500,db0de090723364f610cc5c7fd0466251,2025-06-17T00:00:00,1,Ростов,6618,Елизавета,Егорова,4,Сахар песок,3,150,shipped
501,cb15cf067856c9992c5d1a308a0d4aca,2025-06-17T00:00:00,0,Москва,9407,Эдуард,Кузнецов,11,Хлеб ржаной,3,60,shipped
502,a7d42c97f94854fc191b492b9db29496,2025-06-17T00:00:00,0,Москва,3901,Олег,Новиков,7,Средство для мытья посуды,1,200,shipped
503,20fb09b551616f00dea7965c78c30af4,2025-06-17T00:00:00,0,Москва,1908,Евгений,Новиков,3,Устройство для нагревания табака Трубка Мира,3,1500,shipped
504,7edca30733344153d883bc823770d31e,2025-06-17T00:00:00,0,Москва,3000,Олег,Иванов,4,Сахар песок,4,200,shipped
505,63d1fed10e1a83c2c8d77c431805941e,2025-06-17T00:00:00,1,Ростов,7005,Константин,Иванов,9,Ручка шариковая,3,135,shipped
506,82ed0b4e7339630960efbb7e54ddeed6,2025-06-17T00:00:00,1,Ростов,3617,Светлана,Егорова,5,Яблоко молодильное,4,1600,shipped
507,37c97db9a02a5ac55ac63e846bc5f15f,2025-06-17T00:00:00,2,Ярославль,3111,Светлана,Федорова,2,Молоко 5%,3,450,shipped
508,8a508cc05c71e41c154f813a4dfa8f3f,2025-06-17T00:00:00,0,Москва,3003,Олег,Иванов,0,Молоко 1%,4,400,shipped
509,8e3a01f1223d2fdee75cc9321ce08da7,2025-06-17T00:00:00,1,Ростов,919,Александра,Орлова,10,Томаты,1,50,refunded
510,4b2eac7e2b3240eaaafa8c0ef44871ab,2025-06-17T00:00:00,2,Ярославль,5604,Александр,Васильев,10,Томаты,2,100,shipped
511,b837ca24ce27fd9000fedf63f3a6c70b,2025-06-17T00:00:00,2,Ярославль,7008,Константин,Иванов,6,Яблоко,5,700,shipped
512,720c44677983c6a3ae2f9a5afcf1038b,2025-06-17T00:00:00,1,Ростов,3516,Светлана,Лебедева,2,Молоко 5%,3,450,shipped
513,b9fa70ac6d1f79c4246802b1f19541af,2025-06-17T00:00:00,2,Ярославль,2900,Петр,Новиков,3,Устройство для нагревания табака Трубка Мира,1,500,shipped
514,46e4b57cbece8f118f6ab9fea532e592,2025-06-17T00:00:00,2,Ярославль,1618,Евгения,Егорова,3,Устройство для нагревания табака Трубка Мира,1,500,shipped
515,5897823816aee2c84e8d7236ae0024fe,2025-06-17T00:00:00,1,Ростов,1703,Евгений,Соколов,5,Яблоко молодильное,1,400,shipped
516,61edb95fe7bf7e99f23ee27c1b80ce13,2025-06-17T00:00:00,1,Ростов,3211,Светлана,Морозова,7,Средство для мытья посуды,1,200,shipped
517,686ade18f51e391cb5eb4b06e8b34cbd,2025-06-17T00:00:00,0,Москва,5201,Александр,Сидоров,0,Молоко 1%,2,200,shipped
518,e6151bdbd6f86a6702b14e130ef28137,2025-06-17T00:00:00,0,Москва,2515,Ольга,Лебедева,2,Молоко 5%,3,450,refunded
519,2721d6446efe1c35b0b8e9cf9ef02d2b,2025-06-17T00:00:00,0,Москва,8818,Снежанна,Козлова,11,Хлеб ржаной,5,100,shipped
520,3eb1e737037014b33a4091695e657e0b,2025-06-17T00:00:00,1,Ростов,705,Иван,Соколов,10,Томаты,5,250,shipped
521,0ee3fa047296bcfdae738864290acd92,2025-06-17T00:00:00,1,Ростов,7400,Константин,Кузнецов,1,Молоко 3%,2,240,shipped
522,40ba725d54568e903287d421b9516c6e,2025-06-17T00:00:00,0,Москва,4010,Екатерина,Великая,2,Молоко 5%,5,750,shipped
523,add95c9968df8794a34f37d7f6644046,2025-06-17T00:00:00,0,Москва,2409,Петр,Кузнецов,0,Молоко 1%,5,500,shipped
524,01b68be1d977bb63efd5790b70a127b9,2025-06-17T00:00:00,1,Ростов,4115,Екатерина,Федорова,5,Яблоко молодильное,3,1200,shipped
525,6d185256c24c305c56fba1fd110f6dff,2025-06-17T00:00:00,1,Ростов,4106,Сергей,Петров,6,Яблоко,3,420,shipped
526,ce970f6c18cd038cebcc8cb1a59a243c,2025-06-17T00:00:00,1,Ростов,6819,Елизавета,Козлова,4,Сахар песок,1,50,shipped
527,5f265bfce57a35393e8756e08e3fe066,2025-06-17T00:00:00,2,Ярославль,9016,Надежда,Великая,1,Молоко 3%,2,240,shipped
528,9e1a9ef42ab60899b096417e7fcecc56,2025-06-17T00:00:00,1,Ростов,5614,Оксана,Егорова,1,Молоко 3%,3,360,shipped
529,82db7c6a868aabf296b4d55d32eefaf4,2025-06-17T00:00:00,1,Ростов,6619,Елизавета,Егорова,9,Ручка шариковая,5,225,shipped
530,3155fbefd20573cfe2a9863f572c306a,2025-06-17T00:00:00,2,Ярославль,4607,Сергей,Васильев,0,Молоко 1%,4,400,shipped
531,8055366459381fa267d0a3a4e8804dff,2025-06-17T00:00:00,2,Ярославль,216,Александра,Морозова,2,Молоко 5%,4,600,shipped
532,99f92dc2bae3655dd51e47c271c8b7fb,2025-06-17T00:00:00,2,Ярославль,713,Александра,Павлова,0,Молоко 1%,5,500,shipped
533,85616d9d0c23a9ea838fd5ee790cd8b6,2025-06-17T00:00:00,1,Ростов,1303,Евгений,Смирнов,7,Средство для мытья посуды,3,600,shipped
534,fead3a098d8e9530f10286a9fc1f1923,2025-06-17T00:00:00,0,Москва,314,Александра,Волкова,6,Яблоко,3,420,shipped
535,d860521cd2a6b618366e69ebb1997737,2025-06-17T00:00:00,0,Москва,7215,Анна,Морозова,0,Молоко 1%,1,100,shipped
536,68ad2aa05515eeb24f7459fe9ec11a29,2025-06-17T00:00:00,0,Москва,4510,Екатерина,Лебедева,4,Сахар песок,4,200,shipped
537,4138708604767e40a16de9ce100c2b0c,2025-06-17T00:00:00,2,Ярославль,7710,Анна,Павлова,9,Ручка шариковая,1,45,shipped
538,2ba9c5db81484316e97ca284994eac63,2025-06-17T00:00:00,2,Ярославль,9806,Эдуард,Михайлов,6,Яблоко,5,700,shipped
539,e967f3e6fa2f241310e7647dbf70feb6,2025-06-17T00:00:00,2,Ярославль,2708,Петр,Соколов,10,Томаты,4,200,shipped
540,eeec51c189ca71a209078ca334d01654,2025-06-17T00:00:00,1,Ростов,9618,Надежда,Егорова,8,Лампочка LED,4,1200,shipped
541,70b947094e91e370c1dcb357146c6634,2025-06-17T00:00:00,1,Ростов,7613,Анна,Егорова,0,Молоко 1%,4,400,shipped
542,225b8827509a36c33781d9d66c41d4ba,2025-06-17T00:00:00,2,Ярославль,1403,Евгений,Кузнецов,4,Сахар песок,1,50,shipped
543,e44e657f55e79a56b1ec1f37461c8cd6,2025-06-17T00:00:00,0,Москва,2505,Петр,Попов,2,Молоко 5%,4,600,shipped
544,657614162664144d50c11a561208446f,2025-06-17T00:00:00,0,Москва,7909,Константин,Новиков,3,Устройство для нагревания табака Трубка Мира,3,1500,shipped
545,d733edcf1af96044555052c151e7decb,2025-06-17T00:00:00,0,Москва,9201,Эдуард,Сидоров,10,Томаты,5,250,shipped
546,60a5015dbcfe0767e7ba6e195defb92d,2025-06-17T00:00:00,1,Ростов,1809,Евгений,Михайлов,3,Устройство для нагревания табака Трубка Мира,2,1000,shipped
547,9e359b95743bd73c66f7eb65f29835df,2025-06-17T00:00:00,1,Ростов,5804,Александр,Михайлов,11,Хлеб ржаной,4,80,shipped
548,04659c9f1b12713d30c9557bd6b90672,2025-06-17T00:00:00,1,Ростов,2112,Ольга,Федорова,9,Ручка шариковая,1,45,shipped
549,982abeaca5123149cae0898b9b56e08b,2025-06-17T00:00:00,0,Москва,5704,Александр,Соколов,6,Яблоко,5,700,shipped
550,13d00c827ccf38f9f90c38d20d352a6f,2025-06-17T00:00:00,1,Ростов,1215,Евгения,Морозова,10,Томаты,1,50,shipped
551,ecdc9306277abf40811bc3291a3ded22,2025-06-17T00:00:00,0,Москва,5214,Оксана,Морозова,10,Томаты,5,250,shipped
552,2038e6d630868ca0e54426051b10337f,2025-06-17T00:00:00,0,Москва,4814,Екатерина,Козлова,11,Хлеб ржаной,4,80,shipped
553,1899620356c64b0fc3280868e885925c,2025-06-17T00:00:00,0,Москва,3607,Олег,Васильев,7,Средство для мытья посуды,5,1000,shipped
554,16b20111815837a4c366e6460ff65931,2025-06-17T00:00:00,1,Ростов,8413,Снежанна,Алексеева,3,Устройство для нагревания табака Трубка Мира,3,1500,refunded
555,1f14a42a8d7e7ffa88fad54357ef260c,2025-06-17T00:00:00,2,Ярославль,8315,Снежанна,Волкова,3,Устройство для нагревания табака Трубка Мира,4,2000,shipped
556,807df47b4718e212ec898d327f2b11ba,2025-06-17T00:00:00,2,Ярославль,6417,Елизавета,Алексеева,2,Молоко 5%,3,450,shipped
557,44663826f04e64887ab92e6e33669490,2025-06-17T00:00:00,1,Ростов,4006,Сергей,Иванов,1,Молоко 3%,4,480,shipped
558,1dd3e82f77253325dbb20e03a1fca9d8,2025-06-17T00:00:00,1,Ростов,2807,Петр,Михайлов,4,Сахар песок,2,100,shipped
559,9cc150c92c217405089baa3006469c0d,2025-06-17T00:00:00,0,Москва,7903,Константин,Новиков,2,Молоко 5%,1,150,shipped
560,d06f7f72ca480a0f6fff3e5ec8e20223,2025-06-17T00:00:00,2,Ярославль,5603,Александр,Васильев,11,Хлеб ржаной,5,100,shipped
561,1b39a289d7ce845ecc8a257e11268a56,2025-06-17T00:00:00,1,Ростов,9610,Надежда,Егорова,11,Хлеб ржаной,4,80,shipped
562,98ae46b2cbb46500abecc2bd0d79c687,2025-06-17T00:00:00,1,Ростов,1707,Евгений,Соколов,7,Средство для мытья посуды,2,400,shipped
563,33818b73b721a64aeb49e2c31d33b680,2025-06-17T00:00:00,2,Ярославль,9410,Надежда,Алексеева,0,Молоко 1%,3,300,shipped
564,5ba71fd39d9e3bd5df2894c187000101,2025-06-17T00:00:00,1,Ростов,8515,Снежанна,Лебедева,7,Средство для мытья посуды,3,600,shipped
565,14e779d56a957180b66167ae2d19e9d9,2025-06-17T00:00:00,1,Ростов,4007,Сергей,Иванов,1,Молоко 3%,4,480,shipped
566,7f93998b39f5869bdd48fd987b4b6ffb,2025-06-17T00:00:00,0,Москва,7505,Константин,Попов,10,Томаты,4,200,shipped
567,db0de090723364f610cc5c7fd0466251,2025-06-17T00:00:00,1,Ростов,6618,Елизавета,Егорова,4,Сахар песок,3,150,shipped
568,cb15cf067856c9992c5d1a308a0d4aca,2025-06-17T00:00:00,0,Москва,9407,Эдуард,Кузнецов,11,Хлеб ржаной,3,60,shipped
569,a7d42c97f94854fc191b492b9db29496,2025-06-17T00:00:00,0,Москва,3901,Олег,Новиков,7,Средство для мытья посуды,1,200,shipped
570,20fb09b551616f00dea7965c78c30af4,2025-06-17T00:00:00,0,Москва,1908,Евгений,Новиков,3,Устройство для нагревания табака Трубка Мира,3,1500,shipped
571,7edca30733344153d883bc823770d31e,2025-06-17T00:00:00,0,Москва,3000,Олег,Иванов,4,Сахар песок,4,200,shipped
572,63d1fed10e1a83c2c8d77c431805941e,2025-06-17T00:00:00,1,Ростов,7005,Константин,Иванов,9,Ручка шариковая,3,135,shipped
573,82ed0b4e7339630960efbb7e54ddeed6,2025-06-17T00:00:00,1,Ростов,3617,Светлана,Егорова,5,Яблоко молодильное,4,1600,shipped
574,37c97db9a02a5ac55ac63e846bc5f15f,2025-06-17T00:00:00,2,Ярославль,3111,Светлана,Федорова,2,Молоко 5%,3,450,shipped
575,8a508cc05c71e41c154f813a4dfa8f3f,2025-06-17T00:00:00,0,Москва,3003,Олег,Иванов,0,Молоко 1%,4,400,shipped
576,8e3a01f1223d2fdee75cc9321ce08da7,2025-06-17T00:00:00,1,Ростов,919,Александра,Орлова,10,Томаты,1,50,refunded
577,4b2eac7e2b3240eaaafa8c0ef44871ab,2025-06-17T00:00:00,2,Ярославль,5604,Александр,Васильев,10,Томаты,2,100,shipped
578,b837ca24ce27fd9000fedf63f3a6c70b,2025-06-17T00:00:00,2,Ярославль,7008,Константин,Иванов,6,Яблоко,5,700,shipped
579,720c44677983c6a3ae2f9a5afcf1038b,2025-06-17T00:00:00,1,Ростов,3516,Светлана,Лебедева,2,Молоко 5%,3,450,shipped
580,b9fa70ac6d1f79c4246802b1f19541af,2025-06-17T00:00:00,2,Ярославль,2900,Петр,Новиков,3,Устройство для нагревания табака Трубка Мира,1,500,shipped
581,46e4b57cbece8f118f6ab9fea532e592,2025-06-17T00:00:00,2,Ярославль,1618,Евгения,Егорова,3,Устройство для нагревания табака Трубка Мира,1,500,shipped
582,5897823816aee2c84e8d7236ae0024fe,2025-06-17T00:00:00,1,Ростов,1703,Евгений,Соколов,5,Яблоко молодильное,1,400,shipped
583,61edb95fe7bf7e99f23ee27c1b80ce13,2025-06-17T00:00:00,1,Ростов,3211,Светлана,Морозова,7,Средство для мытья посуды,1,200,shipped
584,686ade18f51e391cb5eb4b06e8b34cbd,2025-06-17T00:00:00,0,Москва,5201,Александр,Сидоров,0,Молоко 1%,2,200,shipped
585,e6151bdbd6f86a6702b14e130ef28137,2025-06-17T00:00:00,0,Москва,2515,Ольга,Лебедева,2,Молоко 5%,3,450,refunded
586,2721d6446efe1c35b0b8e9cf9ef02d2b,2025-06-17T00:00:00,0,Москва,8818,Снежанна,Козлова,11,Хлеб ржаной,5,100,shipped
587,3eb1e737037014b33a4091695e657e0b,2025-06-17T00:00:00,1,Ростов,705,Иван,Соколов,10,Томаты,5,250,shipped
588,0ee3fa047296bcfdae738864290acd92,2025-06-17T00:00:00,1,Ростов,7400,Константин,Кузнецов,1,Молоко 3%,2,240,shipped
589,40ba725d54568e903287d421b9516c6e,2025-06-17T00:00:00,0,Москва,4010,Екатерина,Великая,2,Молоко 5%,5,750,shipped
590,add95c9968df8794a34f37d7f6644046,2025-06-17T00:00:00,0,Москва,2409,Петр,Кузнецов,0,Молоко 1%,5,500,shipped
591,01b68be1d977bb63efd5790b70a127b9,2025-06-17T00:00:00,1,Ростов,4115,Екатерина,Федорова,5,Яблоко молодильное,3,1200,shipped
592,6d185256c24c305c56fba1fd110f6dff,2025-06-17T00:00:00,1,Ростов,4106,Сергей,Петров,6,Яблоко,3,420,shipped
593,ce970f6c18cd038cebcc8cb1a59a243c,2025-06-17T00:00:00,1,Ростов,6819,Елизавета,Козлова,4,Сахар песок,1,50,shipped
594,5f265bfce57a35393e8756e08e3fe066,2025-06-17T00:00:00,2,Ярославль,9016,Надежда,Великая,1,Молоко 3%,2,240,shipped
595,9e1a9ef42ab60899b096417e7fcecc56,2025-06-17T00:00:00,1,Ростов,5614,Оксана,Егорова,1,Молоко 3%,3,360,shipped
596,82db7c6a868aabf296b4d55d32eefaf4,2025-06-17T00:00:00,1,Ростов,6619,Елизавета,Егорова,9,Ручка шариковая,5,225,shipped
597,3155fbefd20573cfe2a9863f572c306a,2025-06-17T00:00:00,2,Ярославль,4607,Сергей,Васильев,0,Молоко 1%,4,400,shipped
598,8055366459381fa267d0a3a4e8804dff,2025-06-17T00:00:00,2,Ярославль,216,Александра,Морозова,2,Молоко 5%,4,600,shipped
599,99f92dc2bae3655dd51e47c271c8b7fb,2025-06-17T00:00:00,2,Ярославль,713,Александра,Павлова,0,Молоко 1%,5,500,shipped
600,85616d9d0c23a9ea838fd5ee790cd8b6,2025-06-17T00:00:00,1,Ростов,1303,Евгений,Смирнов,7,Средство для мытья посуды,3,600,shipped
601,fead3a098d8e9530f10286a9fc1f1923,2025-06-17T00:00:00,0,Москва,314,Александра,Волкова,6,Яблоко,3,420,shipped
602,d860521cd2a6b618366e69ebb1997737,2025-06-17T00:00:00,0,Москва,7215,Анна,Морозова,0,Молоко 1%,1,100,shipped
603,68ad2aa05515eeb24f7459fe9ec11a29,2025-06-17T00:00:00,0,Москва,4510,Екатерина,Лебедева,4,Сахар песок,4,200,shipped
604,4138708604767e40a16de9ce100c2b0c,2025-06-17T00:00:00,2,Ярославль,7710,Анна,Павлова,9,Ручка шариковая,1,45,shipped
605,2ba9c5db81484316e97ca284994eac63,2025-06-17T00:00:00,2,Ярославль,9806,Эдуард,Михайлов,6,Яблоко,5,700,shipped
606,e967f3e6fa2f241310e7647dbf70feb6,2025-06-17T00:00:00,2,Ярославль,2708,Петр,Соколов,10,Томаты,4,200,shipped
607,eeec51c189ca71a209078ca334d01654,2025-06-17T00:00:00,1,Ростов,9618,Надежда,Егорова,8,Лампочка LED,4,1200,shipped
608,70b947094e91e370c1dcb357146c6634,2025-06-17T00:00:00,1,Ростов,7613,Анна,Егорова,0,Молоко 1%,4,400,shipped
609,225b8827509a36c33781d9d66c41d4ba,2025-06-17T00:00:00,2,Ярославль,1403,Евгений,Кузнецов,4,Сахар песок,1,50,shipped
610,e44e657f55e79a56b1ec1f37461c8cd6,2025-06-17T00:00:00,0,Москва,2505,Петр,Попов,2,Молоко 5%,4,600,shipped
611,657614162664144d50c11a561208446f,2025-06-17T00:00:00,0,Москва,7909,Константин,Новиков,3,Устройство для нагревания табака Трубка Мира,3,1500,shipped
612,d733edcf1af96044555052c151e7decb,2025-06-17T00:00:00,0,Москва,9201,Эдуард,Сидоров,10,Томаты,5,250,shipped
613,60a5015dbcfe0767e7ba6e195defb92d,2025-06-17T00:00:00,1,Ростов,1809,Евгений,Михайлов,3,Устройство для нагревания табака Трубка Мира,2,1000,shipped
614,9e359b95743bd73c66f7eb65f29835df,2025-06-17T00:00:00,1,Ростов,5804,Александр,Михайлов,11,Хлеб ржаной,4,80,shipped
615,04659c9f1b12713d30c9557bd6b90672,2025-06-17T00:00:00,1,Ростов,2112,Ольга,Федорова,9,Ручка шариковая,1,45,shipped
616,982abeaca5123149cae0898b9b56e08b,2025-06-17T00:00:00,0,Москва,5704,Александр,Соколов,6,Яблоко,5,700,shipped
617,13d00c827ccf38f9f90c38d20d352a6f,2025-06-17T00:00:00,1,Ростов,1215,Евгения,Морозова,10,Томаты,1,50,shipped
618,ecdc9306277abf40811bc3291a3ded22,2025-06-17T00:00:00,0,Москва,5214,Оксана,Морозова,10,Томаты,5,250,shipped
619,2038e6d630868ca0e54426051b10337f,2025-06-17T00:00:00,0,Москва,4814,Екатерина,Козлова,11,Хлеб ржаной,4,80,shipped
620,1899620356c64b0fc3280868e885925c,2025-06-17T00:00:00,0,Москва,3607,Олег,Васильев,7,Средство для мытья посуды,5,1000,shipped
621,16b20111815837a4c366e6460ff65931,2025-06-17T00:00:00,1,Ростов,8413,Снежанна,Алексеева,3,Устройство для нагревания табака Трубка Мира,3,1500,refunded
622,1f14a42a8d7e7ffa88fad54357ef260c,2025-06-17T00:00:00,2,Ярославль,8315,Снежанна,Волкова,3,Устройство для нагревания табака Трубка Мира,4,2000,shipped
623,807df47b4718e212ec898d327f2b11ba,2025-06-17T00:00:00,2,Ярославль,6417,Елизавета,Алексеева,2,Молоко 5%,3,450,shipped
624,44663826f04e64887ab92e6e33669490,2025-06-17T00:00:00,1,Ростов,4006,Сергей,Иванов,1,Молоко 3%,4,480,shipped
625,1dd3e82f77253325dbb20e03a1fca9d8,2025-06-17T00:00:00,1,Ростов,2807,Петр,Михайлов,4,Сахар песок,2,100,shipped
626,9cc150c92c217405089baa3006469c0d,2025-06-17T00:00:00,0,Москва,7903,Константин,Новиков,2,Молоко 5%,1,150,shipped
627,d06f7f72ca480a0f6fff3e5ec8e20223,2025-06-17T00:00:00,2,Ярославль,5603,Александр,Васильев,11,Хлеб ржаной,5,100,shipped
628,1b39a289d7ce845ecc8a257e11268a56,2025-06-17T00:00:00,1,Ростов,9610,Надежда,Егорова,11,Хлеб ржаной,4,80,shipped
629,98ae46b2cbb46500abecc2bd0d79c687,2025-06-17T00:00:00,1,Ростов,1707,Евгений,Соколов,7,Средство для мытья посуды,2,400,shipped
630,33818b73b721a64aeb49e2c31d33b680,2025-06-17T00:00:00,2,Ярославль,9410,Надежда,Алексеева,0,Молоко 1%,3,300,shipped
631,5ba71fd39d9e3bd5df2894c187000101,2025-06-17T00:00:00,1,Ростов,8515,Снежанна,Лебедева,7,Средство для мытья посуды,3,600,shipped
632,14e779d56a957180b66167ae2d19e9d9,2025-06-17T00:00:00,1,Ростов,4007,Сергей,Иванов,1,Молоко 3%,4,480,shipped
633,7f93998b39f5869bdd48fd987b4b6ffb,2025-06-17T00:00:00,0,Москва,7505,Константин,Попов,10,Томаты,4,200,shipped
634,db0de090723364f610cc5c7fd0466251,2025-06-17T00:00:00,1,Ростов,6618,Елизавета,Егорова,4,Сахар песок,3,150,shipped
635,cb15cf067856c9992c5d1a308a0d4aca,2025-06-17T00:00:00,0,Москва,9407,Эдуард,Кузнецов,11,Хлеб ржаной,3,60,shipped
636,a7d42c97f94854fc191b492b9db29496,2025-06-17T00:00:00,0,Москва,3901,Олег,Новиков,7,Средство для мытья посуды,1,200,shipped
637,20fb09b551616f00dea7965c78c30af4,2025-06-17T00:00:00,0,Москва,1908,Евгений,Новиков,3,Устройство для нагревания табака Трубка Мира,3,1500,shipped
638,7edca30733344153d883bc823770d31e,2025-06-17T00:00:00,0,Москва,3000,Олег,Иванов,4,Сахар песок,4,200,shipped
639,63d1fed10e1a83c2c8d77c431805941e,2025-06-17T00:00:00,1,Ростов,7005,Константин,Иванов,9,Ручка шариковая,3,135,shipped
640,82ed0b4e7339630960efbb7e54ddeed6,2025-06-17T00:00:00,1,Ростов,3617,Светлана,Егорова,5,Яблоко молодильное,4,1600,shipped
641,37c97db9a02a5ac55ac63e846bc5f15f,2025-06-17T00:00:00,2,Ярославль,3111,Светлана,Федорова,2,Молоко 5%,3,450,shipped
642,8a508cc05c71e41c154f813a4dfa8f3f,2025-06-17T00:00:00,0,Москва,3003,Олег,Иванов,0,Молоко 1%,4,400,shipped
643,8e3a01f1223d2fdee75cc9321ce08da7,2025-06-17T00:00:00,1,Ростов,919,Александра,Орлова,10,Томаты,1,50,refunded
644,4b2eac7e2b3240eaaafa8c0ef44871ab,2025-06-17T00:00:00,2,Ярославль,5604,Александр,Васильев,10,Томаты,2,100,shipped
645,b837ca24ce27fd9000fedf63f3a6c70b,2025-06-17T00:00:00,2,Ярославль,7008,Константин,Иванов,6,Яблоко,5,700,shipped
646,720c44677983c6a3ae2f9a5afcf1038b,2025-06-17T00:00:00,1,Ростов,3516,Светлана,Лебедева,2,Молоко 5%,3,450,shipped
647,b9fa70ac6d1f79c4246802b1f19541af,2025-06-17T00:00:00,2,Ярославль,2900,Петр,Новиков,3,Устройство для нагревания табака Трубка Мира,1,500,shipped
648,46e4b57cbece8f118f6ab9fea532e592,2025-06-17T00:00:00,2,Ярославль,1618,Евгения,Егорова,3,Устройство для нагревания табака Трубка Мира,1,500,shipped
649,5897823816aee2c84e8d7236ae0024fe,2025-06-17T00:00:00,1,Ростов,1703,Евгений,Соколов,5,Яблоко молодильное,1,400,shipped
650,61edb95fe7bf7e99f23ee27c1b80ce13,2025-06-17T00:00:00,1,Ростов,3211,Светлана,Морозова,7,Средство для мытья посуды,1,200,shipped
651,686ade18f51e391cb5eb4b06e8b34cbd,2025-06-17T00:00:00,0,Москва,5201,Александр,Сидоров,0,Молоко 1%,2,200,shipped
652,e6151bdbd6f86a6702b14e130ef28137,2025-06-17T00:00:00,0,Москва,2515,Ольга,Лебедева,2,Молоко 5%,3,450,refunded
653,2721d6446efe1c35b0b8e9cf9ef02d2b,2025-06-17T00:00:00,0,Москва,8818,Снежанна,Козлова,11,Хлеб ржаной,5,100,shipped
654,3eb1e737037014b33a4091695e657e0b,2025-06-17T00:00:00,1,Ростов,705,Иван,Соколов,10,Томаты,5,250,shipped
655,0ee3fa047296bcfdae738864290acd92,2025-06-17T00:00:00,1,Ростов,7400,Константин,Кузнецов,1,Молоко 3%,2,240,shipped
656,40ba725d54568e903287d421b9516c6e,2025-06-17T00:00:00,0,Москва,4010,Екатерина,Великая,2,Молоко 5%,5,750,shipped
657,add95c9968df8794a34f37d7f6644046,2025-06-17T00:00:00,0,Москва,2409,Петр,Кузнецов,0,Молоко 1%,5,500,shipped
658,01b68be1d977bb63efd5790b70a127b9,2025-06-17T00:00:00,1,Ростов,4115,Екатерина,Федорова,5,Яблоко молодильное,3,1200,shipped
659,6d185256c24c305c56fba1fd110f6dff,2025-06-17T00:00:00,1,Ростов,4106,Сергей,Петров,6,Яблоко,3,420,shipped
660,ce970f6c18cd038cebcc8cb1a59a243c,2025-06-17T00:00:00,1,Ростов,6819,Елизавета,Козлова,4,Сахар песок,1,50,shipped
661,5f265bfce57a35393e8756e08e3fe066,2025-06-17T00:00:00,2,Ярославль,9016,Надежда,Великая,1,Молоко 3%,2,240,shipped
662,9e1a9ef42ab60899b096417e7fcecc56,2025-06-17T00:00:00,1,Ростов,5614,Оксана,Егорова,1,Молоко 3%,3,360,shipped
663,82db7c6a868aabf296b4d55d32eefaf4,2025-06-17T00:00:00,1,Ростов,6619,Елизавета,Егорова,9,Ручка шариковая,5,225,shipped
664,3155fbefd20573cfe2a9863f572c306a,2025-06-17T00:00:00,2,Ярославль,4607,Сергей,Васильев,0,Молоко 1%,4,400,shipped
665,8055366459381fa267d0a3a4e8804dff,2025-06-17T00:00:00,2,Ярославль,216,Александра,Морозова,2,Молоко 5%,4,600,shipped
666,99f92dc2bae3655dd51e47c271c8b7fb,2025-06-17T00:00:00,2,Ярославль,713,Александра,Павлова,0,Молоко 1%,5,500,shipped
667,85616d9d0c23a9ea838fd5ee790cd8b6,2025-06-17T00:00:00,1,Ростов,1303,Евгений,Смирнов,7,Средство для мытья посуды,3,600,shipped
668,fead3a098d8e9530f10286a9fc1f1923,2025-06-17T00:00:00,0,Москва,314,Александра,Волкова,6,Яблоко,3,420,shipped
669,d860521cd2a6b618366e69ebb1997737,2025-06-17T00:00:00,0,Москва,7215,Анна,Морозова,0,Молоко 1%,1,100,shipped
670,68ad2aa05515eeb24f7459fe9ec11a29,2025-06-17T00:00:00,0,Москва,4510,Екатерина,Лебедева,4,Сахар песок,4,200,shipped
671,4138708604767e40a16de9ce100c2b0c,2025-06-17T00:00:00,2,Ярославль,7710,Анна,Павлова,9,Ручка шариковая,1,45,shipped
672,2ba9c5db81484316e97ca284994eac63,2025-06-17T00:00:00,2,Ярославль,9806,Эдуард,Михайлов,6,Яблоко,5,700,shipped
673,e967f3e6fa2f241310e7647dbf70feb6,2025-06-17T00:00:00,2,Ярославль,2708,Петр,Соколов,10,Томаты,4,200,shipped
674,eeec51c189ca71a209078ca334d01654,2025-06-17T00:00:00,1,Ростов,9618,Надежда,Егорова,8,Лампочка LED,4,1200,shipped
675,70b947094e91e370c1dcb357146c6634,2025-06-17T00:00:00,1,Ростов,7613,Анна,Егорова,0,Молоко 1%,4,400,shipped
676,225b8827509a36c33781d9d66c41d4ba,2025-06-17T00:00:00,2,Ярославль,1403,Евгений,Кузнецов,4,Сахар песок,1,50,shipped
677,e44e657f55e79a56b1ec1f37461c8cd6,2025-06-17T00:00:00,0,Москва,2505,Петр,Попов,2,Молоко 5%,4,600,shipped
678,657614162664144d50c11a561208446f,2025-06-17T00:00:00,0,Москва,7909,Константин,Новиков,3,Устройство для нагревания табака Трубка Мира,3,1500,shipped
679,d733edcf1af96044555052c151e7decb,2025-06-17T00:00:00,0,Москва,9201,Эдуард,Сидоров,10,Томаты,5,250,shipped
680,60a5015dbcfe0767e7ba6e195defb92d,2025-06-17T00:00:00,1,Ростов,1809,Евгений,Михайлов,3,Устройство для нагревания табака Трубка Мира,2,1000,shipped
681,9e359b95743bd73c66f7eb65f29835df,2025-06-17T00:00:00,1,Ростов,5804,Александр,Михайлов,11,Хлеб ржаной,4,80,shipped
682,04659c9f1b12713d30c9557bd6b90672,2025-06-17T00:00:00,1,Ростов,2112,Ольга,Федорова,9,Ручка шариковая,1,45,shipped
683,982abeaca5123149cae0898b9b56e08b,2025-06-17T00:00:00,0,Москва,5704,Александр,Соколов,6,Яблоко,5,700,shipped
684,13d00c827ccf38f9f90c38d20d352a6f,2025-06-17T00:00:00,1,Ростов,1215,Евгения,Морозова,10,Томаты,1,50,shipped
685,ecdc9306277abf40811bc3291a3ded22,2025-06-17T00:00:00,0,Москва,5214,Оксана,Морозова,10,Томаты,5,250,shipped
686,2038e6d630868ca0e54426051b10337f,2025-06-17T00:00:00,0,Москва,4814,Екатерина,Козлова,11,Хлеб ржаной,4,80,shipped
687,1899620356c64b0fc3280868e885925c,2025-06-17T00:00:00,0,Москва,3607,Олег,Васильев,7,Средство для мытья посуды,5,1000,shipped
688,16b20111815837a4c366e6460ff65931,2025-06-17T00:00:00,1,Ростов,8413,Снежанна,Алексеева,3,Устройство для нагревания табака Трубка Мира,3,1500,refunded
689,1f14a42a8d7e7ffa88fad54357ef260c,2025-06-17T00:00:00,2,Ярославль,8315,Снежанна,Волкова,3,Устройство для нагревания табака Трубка Мира,4,2000,shipped
690,807df47b4718e212ec898d327f2b11ba,2025-06-17T00:00:00,2,Ярославль,6417,Елизавета,Алексеева,2,Молоко 5%,3,450,shipped
691,44663826f04e64887ab92e6e33669490,2025-06-17T00:00:00,1,Ростов,4006,Сергей,Иванов,1,Молоко 3%,4,480,shipped
692,1dd3e82f77253325dbb20e03a1fca9d8,2025-06-17T00:00:00,1,Ростов,2807,Петр,Михайлов,4,Сахар песок,2,100,shipped
693,9cc150c92c217405089baa3006469c0d,2025-06-17T00:00:00,0,Москва,7903,Константин,Новиков,2,Молоко 5%,1,150,shipped
694,d06f7f72ca480a0f6fff3e5ec8e20223,2025-06-17T00:00:00,2,Ярославль,5603,Александр,Васильев,11,Хлеб ржаной,5,100,shipped
695,1b39a289d7ce845ecc8a257e11268a56,2025-06-17T00:00:00,1,Ростов,9610,Надежда,Егорова,11,Хлеб ржаной,4,80,shipped
696,98ae46b2cbb46500abecc2bd0d79c687,2025-06-17T00:00:00,1,Ростов,1707,Евгений,Соколов,7,Средство для мытья посуды,2,400,shipped
697,33818b73b721a64aeb49e2c31d33b680,2025-06-17T00:00:00,2,Ярославль,9410,Надежда,Алексеева,0,Молоко 1%,3,300,shipped
698,5ba71fd39d9e3bd5df2894c187000101,2025-06-17T00:00:00,1,Ростов,8515,Снежанна,Лебедева,7,Средство для мытья посуды,3,600,shipped
699,14e779d56a957180b66167ae2d19e9d9,2025-06-17T00:00:00,1,Ростов,4007,Сергей,Иванов,1,Молоко 3%,4,480,shipped
700,7f93998b39f5869bdd48fd987b4b6ffb,2025-06-17T00:00:00,0,Москва,7505,Константин,Попов,10,Томаты,4,200,shipped
701,db0de090723364f610cc5c7fd0466251,2025-06-17T00:00:00,1,Ростов,6618,Елизавета,Егорова,4,Сахар песок,3,150,shipped
702,cb15cf067856c9992c5d1a308a0d4aca,2025-06-17T00:00:00,0,Москва,9407,Эдуард,Кузнецов,11,Хлеб ржаной,3,60,shipped
703,a7d42c97f94854fc191b492b9db29496,2025-06-17T00:00:00,0,Москва,3901,Олег,Новиков,7,Средство для мытья посуды,1,200,shipped
704,20fb09b551616f00dea7965c78c30af4,2025-06-17T00:00:00,0,Москва,1908,Евгений,Новиков,3,Устройство для нагревания табака Трубка Мира,3,1500,shipped
705,7edca30733344153d883bc823770d31e,2025-06-17T00:00:00,0,Москва,3000,Олег,Иванов,4,Сахар песок,4,200,shipped
706,63d1fed10e1a83c2c8d77c431805941e,2025-06-17T00:00:00,1,Ростов,7005,Константин,Иванов,9,Ручка шариковая,3,135,shipped
707,82ed0b4e7339630960efbb7e54ddeed6,2025-06-17T00:00:00,1,Ростов,3617,Светлана,Егорова,5,Яблоко молодильное,4,1600,shipped
708,37c97db9a02a5ac55ac63e846bc5f15f,2025-06-17T00:00:00,2,Ярославль,3111,Светлана,Федорова,2,Молоко 5%,3,450,shipped
709,8a508cc05c71e41c154f813a4dfa8f3f,2025-06-17T00:00:00,0,Москва,3003,Олег,Иванов,0,Молоко 1%,4,400,shipped
710,8e3a01f1223d2fdee75cc9321ce08da7,2025-06-17T00:00:00,1,Ростов,919,Александра,Орлова,10,Томаты,1,50,refunded
711,4b2eac7e2b3240eaaafa8c0ef44871ab,2025-06-17T00:00:00,2,Ярославль,5604,Александр,Васильев,10,Томаты,2,100,shipped
712,b837ca24ce27fd9000fedf63f3a6c70b,2025-06-17T00:00:00,2,Ярославль,7008,Константин,Иванов,6,Яблоко,5,700,shipped
713,720c44677983c6a3ae2f9a5afcf1038b,2025-06-17T00:00:00,1,Ростов,3516,Светлана,Лебедева,2,Молоко 5%,3,450,shipped
714,b9fa70ac6d1f79c4246802b1f19541af,2025-06-17T00:00:00,2,Ярославль,2900,Петр,Новиков,3,Устройство для нагревания табака Трубка Мира,1,500,shipped
715,46e4b57cbece8f118f6ab9fea532e592,2025-06-17T00:00:00,2,Ярославль,1618,Евгения,Егорова,3,Устройство для нагревания табака Трубка Мира,1,500,shipped
716,5897823816aee2c84e8d7236ae0024fe,2025-06-17T00:00:00,1,Ростов,1703,Евгений,Соколов,5,Яблоко молодильное,1,400,shipped
717,61edb95fe7bf7e99f23ee27c1b80ce13,2025-06-17T00:00:00,1,Ростов,3211,Светлана,Морозова,7,Средство для мытья посуды,1,200,shipped
718,686ade18f51e391cb5eb4b06e8b34cbd,2025-06-17T00:00:00,0,Москва,5201,Александр,Сидоров,0,Молоко 1%,2,200,shipped
719,e6151bdbd6f86a6702b14e130ef28137,2025-06-17T00:00:00,0,Москва,2515,Ольга,Лебедева,2,Молоко 5%,3,450,refunded
720,2721d6446efe1c35b0b8e9cf9ef02d2b,2025-06-17T00:00:00,0,Москва,8818,Снежанна,Козлова,11,Хлеб ржаной,5,100,shipped
721,3eb1e737037014b33a4091695e657e0b,2025-06-17T00:00:00,1,Ростов,705,Иван,Соколов,10,Томаты,5,250,shipped
722,0ee3fa047296bcfdae738864290acd92,2025-06-17T00:00:00,1,Ростов,7400,Константин,Кузнецов,1,Молоко 3%,2,240,shipped
723,40ba725d54568e903287d421b9516c6e,2025-06-17T00:00:00,0,Москва,4010,Екатерина,Великая,2,Молоко 5%,5,750,shipped
724,add95c9968df8794a34f37d7f6644046,2025-06-17T00:00:00,0,Москва,2409,Петр,Кузнецов,0,Молоко 1%,5,500,shipped
725,01b68be1d977bb63efd5790b70a127b9,2025-06-17T00:00:00,1,Ростов,4115,Екатерина,Федорова,5,Яблоко молодильное,3,1200,shipped
726,6d185256c24c305c56fba1fd110f6dff,2025-06-17T00:00:00,1,Ростов,4106,Сергей,Петров,6,Яблоко,3,420,shipped
727,ce970f6c18cd038cebcc8cb1a59a243c,2025-06-17T00:00:00,1,Ростов,6819,Елизавета,Козлова,4,Сахар песок,1,50,shipped
728,5f265bfce57a35393e8756e08e3fe066,2025-06-17T00:00:00,2,Ярославль,9016,Надежда,Великая,1,Молоко 3%,2,240,shipped
729,9e1a9ef42ab60899b096417e7fcecc56,2025-06-17T00:00:00,1,Ростов,5614,Оксана,Егорова,1,Молоко 3%,3,360,shipped
730,82db7c6a868aabf296b4d55d32eefaf4,2025-06-17T00:00:00,1,Ростов,6619,Елизавета,Егорова,9,Ручка шариковая,5,225,shipped
731,3155fbefd20573cfe2a9863f572c306a,2025-06-17T00:00:00,2,Ярославль,4607,Сергей,Васильев,0,Молоко 1%,4,400,shipped
732,8055366459381fa267d0a3a4e8804dff,2025-06-17T00:00:00,2,Ярославль,216,Александра,Морозова,2,Молоко 5%,4,600,shipped
733,99f92dc2bae3655dd51e47c271c8b7fb,2025-06-17T00:00:00,2,Ярославль,713,Александра,Павлова,0,Молоко 1%,5,500,shipped
734,85616d9d0c23a9ea838fd5ee790cd8b6,2025-06-17T00:00:00,1,Ростов,1303,Евгений,Смирнов,7,Средство для мытья посуды,3,600,shipped
735,fead3a098d8e9530f10286a9fc1f1923,2025-06-17T00:00:00,0,Москва,314,Александра,Волкова,6,Яблоко,3,420,shipped
736,d860521cd2a6b618366e69ebb1997737,2025-06-17T00:00:00,0,Москва,7215,Анна,Морозова,0,Молоко 1%,1,100,shipped
737,68ad2aa05515eeb24f7459fe9ec11a29,2025-06-17T00:00:00,0,Москва,4510,Екатерина,Лебедева,4,Сахар песок,4,200,shipped
738,4138708604767e40a16de9ce100c2b0c,2025-06-17T00:00:00,2,Ярославль,7710,Анна,Павлова,9,Ручка шариковая,1,45,shipped
739,2ba9c5db81484316e97ca284994eac63,2025-06-17T00:00:00,2,Ярославль,9806,Эдуард,Михайлов,6,Яблоко,5,700,shipped
740,e967f3e6fa2f241310e7647dbf70feb6,2025-06-17T00:00:00,2,Ярославль,2708,Петр,Соколов,10,Томаты,4,200,shipped
741,eeec51c189ca71a209078ca334d01654,2025-06-17T00:00:00,1,Ростов,9618,Надежда,Егорова,8,Лампочка LED,4,1200,shipped
742,70b947094e91e370c1dcb357146c6634,2025-06-17T00:00:00,1,Ростов,7613,Анна,Егорова,0,Молоко 1%,4,400,shipped
743,225b8827509a36c33781d9d66c41d4ba,2025-06-17T00:00:00,2,Ярославль,1403,Евгений,Кузнецов,4,Сахар песок,1,50,shipped
744,e44e657f55e79a56b1ec1f37461c8cd6,2025-06-17T00:00:00,0,Москва,2505,Петр,Попов,2,Молоко 5%,4,600,shipped
745,657614162664144d50c11a561208446f,2025-06-17T00:00:00,0,Москва,7909,Константин,Новиков,3,Устройство для нагревания табака Трубка Мира,3,1500,shipped
746,d733edcf1af96044555052c151e7decb,2025-06-17T00:00:00,0,Москва,9201,Эдуард,Сидоров,10,Томаты,5,250,shipped
747,60a5015dbcfe0767e7ba6e195defb92d,2025-06-17T00:00:00,1,Ростов,1809,Евгений,Михайлов,3,Устройство для нагревания табака Трубка Мира,2,1000,shipped
748,9e359b95743bd73c66f7eb65f29835df,2025-06-17T00:00:00,1,Ростов,5804,Александр,Михайлов,11,Хлеб ржаной,4,80,shipped
749,04659c9f1b12713d30c9557bd6b90672,2025-06-17T00:00:00,1,Ростов,2112,Ольга,Федорова,9,Ручка шариковая,1,45,shipped
750,982abeaca5123149cae0898b9b56e08b,2025-06-17T00:00:00,0,Москва,5704,Александр,Соколов,6,Яблоко,5,700,shipped
751,13d00c827ccf38f9f90c38d20d352a6f,2025-06-17T00:00:00,1,Ростов,1215,Евгения,Морозова,10,Томаты,1,50,shipped
752,ecdc9306277abf40811bc3291a3ded22,2025-06-17T00:00:00,0,Москва,5214,Оксана,Морозова,10,Томаты,5,250,shipped
753,2038e6d630868ca0e54426051b10337f,2025-06-17T00:00:00,0,Москва,4814,Екатерина,Козлова,11,Хлеб ржаной,4,80,shipped
754,1899620356c64b0fc3280868e885925c,2025-06-17T00:00:00,0,Москва,3607,Олег,Васильев,7,Средство для мытья посуды,5,1000,shipped
755,16b20111815837a4c366e6460ff65931,2025-06-17T00:00:00,1,Ростов,8413,Снежанна,Алексеева,3,Устройство для нагревания табака Трубка Мира,3,1500,refunded
756,1f14a42a8d7e7ffa88fad54357ef260c,2025-06-17T00:00:00,2,Ярославль,8315,Снежанна,Волкова,3,Устройство для нагревания табака Трубка Мира,4,2000,shipped
757,807df47b4718e212ec898d327f2b11ba,2025-06-17T00:00:00,2,Ярославль,6417,Елизавета,Алексеева,2,Молоко 5%,3,450,shipped
758,44663826f04e64887ab92e6e33669490,2025-06-17T00:00:00,1,Ростов,4006,Сергей,Иванов,1,Молоко 3%,4,480,shipped
759,1dd3e82f77253325dbb20e03a1fca9d8,2025-06-17T00:00:00,1,Ростов,2807,Петр,Михайлов,4,Сахар песок,2,100,shipped
760,9cc150c92c217405089baa3006469c0d,2025-06-17T00:00:00,0,Москва,7903,Константин,Новиков,2,Молоко 5%,1,150,shipped
761,d06f7f72ca480a0f6fff3e5ec8e20223,2025-06-17T00:00:00,2,Ярославль,5603,Александр,Васильев,11,Хлеб ржаной,5,100,shipped
762,1b39a289d7ce845ecc8a257e11268a56,2025-06-17T00:00:00,1,Ростов,9610,Надежда,Егорова,11,Хлеб ржаной,4,80,shipped
763,98ae46b2cbb46500abecc2bd0d79c687,2025-06-17T00:00:00,1,Ростов,1707,Евгений,Соколов,7,Средство для мытья посуды,2,400,shipped
764,33818b73b721a64aeb49e2c31d33b680,2025-06-17T00:00:00,2,Ярославль,9410,Надежда,Алексеева,0,Молоко 1%,3,300,shipped
765,5ba71fd39d9e3bd5df2894c187000101,2025-06-17T00:00:00,1,Ростов,8515,Снежанна,Лебедева,7,Средство для мытья посуды,3,600,shipped
766,14e779d56a957180b66167ae2d19e9d9,2025-06-17T00:00:00,1,Ростов,4007,Сергей,Иванов,1,Молоко 3%,4,480,shipped
767,7f93998b39f5869bdd48fd987b4b6ffb,2025-06-17T00:00:00,0,Москва,7505,Константин,Попов,10,Томаты,4,200,shipped
768,db0de090723364f610cc5c7fd0466251,2025-06-17T00:00:00,1,Ростов,6618,Елизавета,Егорова,4,Сахар песок,3,150,shipped
769,cb15cf067856c9992c5d1a308a0d4aca,2025-06-17T00:00:00,0,Москва,9407,Эдуард,Кузнецов,11,Хлеб ржаной,3,60,shipped
770,a7d42c97f94854fc191b492b9db29496,2025-06-17T00:00:00,0,Москва,3901,Олег,Новиков,7,Средство для мытья посуды,1,200,shipped
771,20fb09b551616f00dea7965c78c30af4,2025-06-17T00:00:00,0,Москва,1908,Евгений,Новиков,3,Устройство для нагревания табака Трубка Мира,3,1500,shipped
772,7edca30733344153d883bc823770d31e,2025-06-17T00:00:00,0,Москва,3000,Олег,Иванов,4,Сахар песок,4,200,shipped
773,63d1fed10e1a83c2c8d77c431805941e,2025-06-17T00:00:00,1,Ростов,7005,Константин,Иванов,9,Ручка шариковая,3,135,shipped
774,82ed0b4e7339630960efbb7e54ddeed6,2025-06-17T00:00:00,1,Ростов,3617,Светлана,Егорова,5,Яблоко молодильное,4,1600,shipped
775,37c97db9a02a5ac55ac63e846bc5f15f,2025-06-17T00:00:00,2,Ярославль,3111,Светлана,Федорова,2,Молоко 5%,3,450,shipped
776,8a508cc05c71e41c154f813a4dfa8f3f,2025-06-17T00:00:00,0,Москва,3003,Олег,Иванов,0,Молоко 1%,4,400,shipped
777,8e3a01f1223d2fdee75cc9321ce08da7,2025-06-17T00:00:00,1,Ростов,919,Александра,Орлова,10,Томаты,1,50,refunded
778,4b2eac7e2b3240eaaafa8c0ef44871ab,2025-06-17T00:00:00,2,Ярославль,5604,Александр,Васильев,10,Томаты,2,100,shipped
779,b837ca24ce27fd9000fedf63f3a6c70b,2025-06-17T00:00:00,2,Ярославль,7008,Константин,Иванов,6,Яблоко,5,700,shipped
780,720c44677983c6a3ae2f9a5afcf1038b,2025-06-17T00:00:00,1,Ростов,3516,Светлана,Лебедева,2,Молоко 5%,3,450,shipped
781,b9fa70ac6d1f79c4246802b1f19541af,2025-06-17T00:00:00,2,Ярославль,2900,Петр,Новиков,3,Устройство для нагревания табака Трубка Мира,1,500,shipped
782,46e4b57cbece8f118f6ab9fea532e592,2025-06-17T00:00:00,2,Ярославль,1618,Евгения,Егорова,3,Устройство для нагревания табака Трубка Мира,1,500,shipped
783,5897823816aee2c84e8d7236ae0024fe,2025-06-17T00:00:00,1,Ростов,1703,Евгений,Соколов,5,Яблоко молодильное,1,400,shipped
784,61edb95fe7bf7e99f23ee27c1b80ce13,2025-06-17T00:00:00,1,Ростов,3211,Светлана,Морозова,7,Средство для мытья посуды,1,200,shipped
785,686ade18f51e391cb5eb4b06e8b34cbd,2025-06-17T00:00:00,0,Москва,5201,Александр,Сидоров,0,Молоко 1%,2,200,shipped
786,e6151bdbd6f86a6702b14e130ef28137,2025-06-17T00:00:00,0,Москва,2515,Ольга,Лебедева,2,Молоко 5%,3,450,refunded
787,2721d6446efe1c35b0b8e9cf9ef02d2b,2025-06-17T00:00:00,0,Москва,8818,Снежанна,Козлова,11,Хлеб ржаной,5,100,shipped
788,3eb1e737037014b33a4091695e657e0b,2025-06-17T00:00:00,1,Ростов,705,Иван,Соколов,10,Томаты,5,250,shipped
789,0ee3fa047296bcfdae738864290acd92,2025-06-17T00:00:00,1,Ростов,7400,Константин,Кузнецов,1,Молоко 3%,2,240,shipped
790,40ba725d54568e903287d421b9516c6e,2025-06-17T00:00:00,0,Москва,4010,Екатерина,Великая,2,Молоко 5%,5,750,shipped
791,add95c9968df8794a34f37d7f6644046,2025-06-17T00:00:00,0,Москва,2409,Петр,Кузнецов,0,Молоко 1%,5,500,shipped
792,01b68be1d977bb63efd5790b70a127b9,2025-06-17T00:00:00,1,Ростов,4115,Екатерина,Федорова,5,Яблоко молодильное,3,1200,shipped
793,6d185256c24c305c56fba1fd110f6dff,2025-06-17T00:00:00,1,Ростов,4106,Сергей,Петров,6,Яблоко,3,420,shipped
794,ce970f6c18cd038cebcc8cb1a59a243c,2025-06-17T00:00:00,1,Ростов,6819,Елизавета,Козлова,4,Сахар песок,1,50,shipped
795,5f265bfce57a35393e8756e08e3fe066,2025-06-17T00:00:00,2,Ярославль,9016,Надежда,Великая,1,Молоко 3%,2,240,shipped
796,9e1a9ef42ab60899b096417e7fcecc56,2025-06-17T00:00:00,1,Ростов,5614,Оксана,Егорова,1,Молоко 3%,3,360,shipped
797,82db7c6a868aabf296b4d55d32eefaf4,2025-06-17T00:00:00,1,Ростов,6619,Елизавета,Егорова,9,Ручка шариковая,5,225,shipped
798,3155fbefd20573cfe2a9863f572c306a,2025-06-17T00:00:00,2,Ярославль,4607,Сергей,Васильев,0,Молоко 1%,4,400,shipped
799,8055366459381fa267d0a3a4e8804dff,2025-06-17T00:00:00,2,Ярославль,216,Александра,Морозова,2,Молоко 5%,4,600,shipped
800,99f92dc2bae3655dd51e47c271c8b7fb,2025-06-17T00:00:00,2,Ярославль,713,Александра,Павлова,0,Молоко 1%,5,500,shipped
801,85616d9d0c23a9ea838fd5ee790cd8b6,2025-06-17T00:00:00,1,Ростов,1303,Евгений,Смирнов,7,Средство для мытья посуды,3,600,shipped
802,fead3a098d8e9530f10286a9fc1f1923,2025-06-17T00:00:00,0,Москва,314,Александра,Волкова,6,Яблоко,3,420,shipped
803,d860521cd2a6b618366e69ebb1997737,2025-06-17T00:00:00,0,Москва,7215,Анна,Морозова,0,Молоко 1%,1,100,shipped
804,68ad2aa05515eeb24f7459fe9ec11a29,2025-06-17T00:00:00,0,Москва,4510,Екатерина,Лебедева,4,Сахар песок,4,200,shipped
805,4138708604767e40a16de9ce100c2b0c,2025-06-17T00:00:00,2,Ярославль,7710,Анна,Павлова,9,Ручка шариковая,1,45,shipped
806,2ba9c5db81484316e97ca284994eac63,2025-06-17T00:00:00,2,Ярославль,9806,Эдуард,Михайлов,6,Яблоко,5,700,shipped
807,e967f3e6fa2f241310e7647dbf70feb6,2025-06-17T00:00:00,2,Ярославль,2708,Петр,Соколов,10,Томаты,4,200,shipped
808,eeec51c189ca71a209078ca334d01654,2025-06-17T00:00:00,1,Ростов,9618,Надежда,Егорова,8,Лампочка LED,4,1200,shipped
809,70b947094e91e370c1dcb357146c6634,2025-06-17T00:00:00,1,Ростов,7613,Анна,Егорова,0,Молоко 1%,4,400,shipped
810,225b8827509a36c33781d9d66c41d4ba,2025-06-17T00:00:00,2,Ярославль,1403,Евгений,Кузнецов,4,Сахар песок,1,50,shipped
811,e44e657f55e79a56b1ec1f37461c8cd6,2025-06-17T00:00:00,0,Москва,2505,Петр,Попов,2,Молоко 5%,4,600,shipped
812,657614162664144d50c11a561208446f,2025-06-17T00:00:00,0,Москва,7909,Константин,Новиков,3,Устройство для нагревания табака Трубка Мира,3,1500,shipped
813,d733edcf1af96044555052c151e7decb,2025-06-17T00:00:00,0,Москва,9201,Эдуард,Сидоров,10,Томаты,5,250,shipped
814,60a5015dbcfe0767e7ba6e195defb92d,2025-06-17T00:00:00,1,Ростов,1809,Евгений,Михайлов,3,Устройство для нагревания табака Трубка Мира,2,1000,shipped
